# Blender 5.1.2
# www.blender.org
mtllib pylons.mtl
o Pylon_Substation_LOD0
v 6.135489 -0.487882 -15.554956
v 5.210186 -0.487883 -15.554956
v 6.135489 0.437421 -15.554956
v 5.210186 0.437421 -15.554956
v -5.136414 -0.487897 -15.573438
v -6.061718 -0.487897 -15.573438
v -5.136414 0.437406 -15.573438
v -6.061718 0.437405 -15.573438
v 6.135489 -0.487883 0.832994
v 5.210186 -0.487884 0.832994
v 5.210186 0.437420 0.832994
v 6.135489 0.437420 0.832994
v -5.136414 -0.487898 0.814513
v -6.061718 -0.487898 0.814513
v -6.061718 0.437405 0.814513
v -5.136414 0.437405 0.814513
v -5.255744 -0.318567 0.814513
v -5.330744 -0.275266 0.814513
v -5.330744 -0.361868 0.814513
v -5.270278 -0.318567 4.604772
v -5.323478 -0.275266 4.525474
v -5.323478 -0.361869 4.525474
v -5.931481 -0.318567 4.604203
v -5.872838 -0.275266 4.534070
v -5.872838 -0.361869 4.534070
v -5.340732 -0.283632 0.803346
v -5.292806 -0.331472 0.884324
v -5.283696 -0.340598 0.755869
v -5.340707 0.233112 4.540757
v -5.292816 0.281004 4.621712
v -5.283712 0.290107 4.493252
v -5.857450 0.233087 0.803346
v -5.905291 0.281012 0.884324
v -5.914417 0.290122 0.755869
v -5.864984 -0.360269 4.562208
v -5.869868 -0.274054 4.552367
v -5.942306 -0.321379 4.557768
v -5.864984 0.226251 6.742704
v -5.869868 0.312716 6.742704
v -5.942306 0.265254 6.742704
v -5.864984 -0.360390 8.927961
v -5.869868 -0.273925 8.927961
v -5.942306 -0.321387 8.927961
v -5.864984 0.226251 11.113218
v -5.869868 0.312715 11.113218
v -5.942306 0.265254 11.113218
v -5.864984 -0.360379 13.297019
v -5.869868 -0.273938 13.300026
v -5.942306 -0.321387 13.298375
v -5.870002 0.224684 15.798337
v -5.885530 0.307779 15.770107
v -5.921631 0.271756 15.875097
v -3.528957 0.222098 14.755478
v -3.520278 0.307237 14.735576
v -3.512799 0.274895 14.855556
v -1.197332 -0.312668 14.769043
v -1.115126 -0.322681 14.731038
v -1.134449 -0.320337 14.857618
v -3.486207 -0.284106 14.765476
v -3.544721 -0.342646 14.727253
v -3.531106 -0.328943 14.853885
v -3.478436 0.286992 14.753829
v -3.564966 0.284486 14.757588
v -3.518632 0.232751 14.835192
v -3.478436 0.286992 15.846584
v -3.564966 0.284486 15.842825
v -3.518632 0.232750 15.765221
v -3.478435 -0.337481 15.846582
v -3.564965 -0.334975 15.842823
v -3.518631 -0.283239 15.765219
v -3.503768 -0.359883 14.748434
v -3.550622 -0.322290 14.842007
v -3.507643 -0.273522 14.756172
v -5.939767 -0.305626 15.800482
v -5.882472 -0.355933 15.862081
v -5.854919 -0.294145 15.780982
v -3.520705 0.311010 15.856649
v -3.520703 0.224416 15.854762
v -3.520627 0.268802 15.743217
v -1.148995 -0.275629 15.860344
v -1.148993 -0.362222 15.858458
v -1.148916 -0.317836 15.746913
v 1.222713 0.311016 15.864042
v 1.222715 0.224422 15.862155
v 1.222792 0.268808 15.750610
v 3.594423 -0.275623 15.867737
v 3.594424 -0.362216 15.865850
v 3.594501 -0.317830 15.754306
v 5.957592 0.305619 15.880855
v 6.013083 0.254131 15.817753
v 5.927800 0.244515 15.800374
v 3.594412 0.299891 14.851161
v 3.594494 0.285593 14.723040
v 3.594441 0.218771 14.805674
v 1.222703 0.299888 15.883472
v 1.222785 0.285590 15.755352
v 1.222733 0.218768 15.837985
v -1.149006 0.299885 14.843769
v -1.148924 0.285588 14.715649
v -1.148977 0.218766 14.798283
v -3.522375 0.299882 15.876024
v -3.518619 0.285584 15.748026
v -3.521040 0.218762 15.830580
v -5.344738 0.292475 14.807905
v -5.275583 0.291161 14.729736
v -5.296913 0.220585 14.797883
v -5.351653 -0.298808 13.277803
v -5.265633 -0.288800 13.276693
v -5.299951 -0.368096 13.285489
v -5.351652 0.287888 11.097973
v -5.265632 0.297923 11.097973
v -5.299950 0.218411 11.097973
v -5.351652 -0.298754 8.915952
v -5.265632 -0.288718 8.915952
v -5.299950 -0.368231 8.915952
v -5.351652 0.287888 6.733929
v -5.265632 0.297923 6.733929
v -5.299950 0.218411 6.733929
v -5.351556 -0.298599 4.554298
v -5.266253 -0.289731 4.536253
v -5.299425 -0.367372 4.565168
v -5.929360 -0.301965 0.770594
v -5.862628 -0.286024 0.849862
v -5.885170 -0.367713 0.823084
v -5.329425 -0.294886 0.758822
v -5.316640 -0.307672 0.885863
v -5.271168 -0.353143 0.798854
v -5.327466 0.296837 0.762532
v -5.333251 0.235888 0.854409
v -5.256517 0.271498 0.826598
v -5.915951 0.312135 4.560163
v -5.918649 0.225575 4.560473
v -5.842557 0.266511 4.551707
v -5.329380 0.312135 6.733978
v -5.332085 0.225575 6.733984
v -5.255769 0.266512 6.733825
v -5.916021 0.312135 8.928029
v -5.918726 0.225574 8.928036
v -5.842411 0.266511 8.927818
v -5.329380 0.312135 11.098059
v -5.332085 0.225575 11.098067
v -5.255769 0.266512 11.097792
v -5.915951 0.312134 13.301236
v -5.918648 0.225574 13.301552
v -5.842564 0.266511 13.292633
v -5.299482 0.312135 14.812693
v -5.298765 0.225575 14.816607
v -5.318988 0.266511 14.706224
v -5.275939 0.307484 13.268523
v -5.285880 0.223029 13.293105
v -5.355414 0.273708 13.278355
v -5.306394 -0.318068 11.022982
v -5.274695 -0.349322 11.134411
v -5.336144 -0.288313 11.136523
v -5.882975 -0.313835 13.225157
v -5.896316 -0.364041 13.329096
v -5.897866 -0.277828 13.341169
v -5.842487 -0.321679 11.112314
v -5.920081 -0.359437 11.101338
v -5.914591 -0.274587 11.126001
v -5.842487 0.265447 8.930622
v -5.920081 0.233574 8.962909
v -5.914591 0.305199 8.890352
v -5.861184 -0.287695 8.963876
v -5.922391 -0.348926 8.967020
v -5.893583 -0.319082 8.852986
v -5.336282 -0.287695 8.953131
v -5.275039 -0.348926 8.953768
v -5.305912 -0.319082 8.840957
v -5.336282 0.237201 8.953129
v -5.275039 0.298432 8.953767
v -5.305912 0.268588 8.840955
v -5.886279 0.218815 8.936997
v -5.865070 0.300132 8.968380
v -5.925809 0.285273 8.878506
v -5.883808 0.218815 11.113218
v -5.854016 0.300132 11.113218
v -5.939334 0.285273 11.113218
v -5.883810 0.218814 13.298473
v -5.854018 0.300131 13.298473
v -5.939336 0.285273 13.298473
v -5.889533 0.220230 15.793146
v -5.862409 0.302207 15.783186
v -5.925221 0.281782 15.867207
v -3.520661 -0.366122 15.795053
v -3.520643 -0.281417 15.768007
v -3.520728 -0.308156 15.891565
v -1.148953 0.220522 15.798750
v -1.148934 0.305227 15.771706
v -1.149020 0.278488 15.895263
v 1.222757 -0.366116 15.802445
v 1.222775 -0.281411 15.775400
v 1.222690 -0.308150 15.898958
v 3.594465 0.220528 15.806142
v 3.594484 0.305233 15.779097
v 3.594398 0.278495 15.902655
v 5.923460 -0.339088 15.856958
v 5.965013 -0.280659 15.784096
v 6.010003 -0.335914 15.857927
v 3.562695 -0.340031 14.841445
v 3.626296 -0.283496 14.817318
v 3.594357 -0.332143 14.721115
v 3.566446 0.238795 14.837227
v 3.644324 0.265581 14.797047
v 3.572578 0.299879 14.745601
v 3.566007 0.238357 15.871917
v 3.626885 0.248133 15.780695
v 3.590456 0.317766 15.835281
v 5.998906 0.238360 15.867975
v 5.928814 0.248136 15.793101
v 5.970756 0.317769 15.837905
v 5.419159 0.238360 13.288445
v 5.334309 0.248136 13.309911
v 5.385083 0.317769 13.297066
v 5.420193 0.239543 11.124762
v 5.333998 0.247780 11.122365
v 5.384361 0.316942 11.102233
v 5.389691 -0.308379 9.006258
v 5.345107 -0.352964 8.917208
v 5.403754 -0.294317 8.879827
v 5.955985 -0.308379 11.188280
v 6.000569 -0.352964 11.099230
v 5.941922 -0.294317 11.061849
v 6.009078 0.289349 8.912907
v 5.966912 0.226651 8.976386
v 5.922485 0.288267 8.914001
v 5.986084 -0.338479 8.872477
v 5.981488 -0.333883 9.002014
v 5.930903 -0.283297 8.928802
v 5.413694 -0.331354 8.883165
v 5.354590 -0.354011 8.971822
v 5.370267 -0.270295 8.948306
v 5.427851 -0.331353 6.752409
v 5.344265 -0.354011 6.752409
v 5.366436 -0.270295 6.752409
v 5.427851 -0.331353 4.570388
v 5.344265 -0.354011 4.570388
v 5.366436 -0.270295 4.570388
v 5.427851 -0.327604 0.819417
v 5.344265 -0.343625 0.795385
v 5.366436 -0.284429 0.884180
v 5.414757 0.232849 0.839058
v 5.364373 0.283233 0.765222
v 5.359421 0.288185 0.894701
v 5.975210 0.219756 0.819417
v 5.991231 0.303342 0.795385
v 5.932034 0.281171 0.884180
v 5.975075 0.219792 4.556329
v 6.004307 0.299819 4.579623
v 5.919093 0.284657 4.575210
v 5.974940 -0.367117 6.740376
v 6.003561 -0.288304 6.772870
v 5.919974 -0.300237 6.743979
v 5.375860 -0.353191 8.988240
v 5.422985 -0.295096 8.922785
v 5.339706 -0.307374 8.892267
v 5.375978 0.232822 8.987331
v 5.424479 0.283554 8.911232
v 5.338094 0.287889 8.904730
v 5.373172 0.230801 11.165504
v 5.388841 0.257884 11.044376
v 5.376538 0.315580 11.139479
v 5.999470 0.230801 8.934431
v 5.917211 0.257884 8.934431
v 5.981795 0.315581 8.934431
v 5.412904 0.230877 6.753566
v 5.331703 0.259018 6.769614
v 5.393944 0.314371 6.734047
v 5.387285 -0.310785 4.643555
v 5.345763 -0.352307 4.548075
v 5.405503 -0.292567 4.519533
v 5.928947 -0.285165 6.753566
v 5.957088 -0.366367 6.769614
v 6.012441 -0.304126 6.734047
v 5.940789 0.290899 8.879601
v 5.957517 0.219892 8.949609
v 6.000169 0.293476 8.974083
v 5.420283 0.277089 8.893157
v 5.365595 0.220994 8.948526
v 5.352674 0.306182 8.961609
v 6.014441 0.277090 6.766462
v 5.949669 0.220995 6.747610
v 5.934365 0.306182 6.743155
v 6.015439 0.276486 4.568925
v 5.948839 0.221498 4.578504
v 5.934198 0.306284 4.563734
v 6.015439 -0.319528 0.820399
v 5.948839 -0.313142 0.902881
v 5.934198 -0.322988 0.775702
v 6.015439 -0.319528 4.582983
v 5.948839 -0.313142 4.500501
v 5.934198 -0.322989 4.627680
v 6.015439 0.274716 0.825122
v 5.948839 0.231318 0.876672
v 5.934198 0.298234 0.797187
v 5.996013 -0.348407 0.792816
v 5.967634 -0.320028 0.907929
v 5.934829 -0.287223 0.798237
v 5.364065 -0.365869 0.825892
v 5.414783 -0.307005 0.883260
v 5.359704 -0.282785 0.789829
v 5.359709 0.223135 4.584364
v 5.428303 0.272303 4.555226
v 5.350539 0.308828 4.571572
v 5.931166 0.233096 6.741693
v 5.988029 0.289960 6.693480
v 5.979280 0.281211 6.822052
v 5.921205 -0.338361 4.584364
v 5.970373 -0.269767 4.555226
v 6.006897 -0.347531 4.571572
v 5.334780 -0.338241 0.848794
v 5.385289 -0.268906 0.830955
v 5.418483 -0.348511 0.819232
v 5.966158 0.318089 0.832994
v 5.924010 0.243089 0.818108
v 6.008307 0.243089 0.847880
v 5.379517 0.318089 4.570388
v 5.384512 0.243089 4.505869
v 5.374522 0.243089 4.634906
v 5.379517 0.318089 0.832994
v 5.384512 0.243089 0.897512
v 5.374522 0.243089 0.768475
v 6.003926 0.294975 4.598480
v 5.919780 0.274530 4.596693
v 5.974769 0.234762 4.515989
v 5.985940 -0.338335 4.632549
v 5.930890 -0.283284 4.575648
v 5.981645 -0.334039 4.502965
v 5.359735 -0.338335 4.632549
v 5.414785 -0.283285 4.575648
v 5.364031 -0.334039 4.502965
v 5.359735 0.287871 4.632549
v 5.414785 0.232820 4.575648
v 5.364031 0.283575 4.502965
v 5.925248 0.276075 4.611808
v 5.980882 0.221351 4.555481
v 5.992346 0.306842 4.543873
v 5.333685 0.287870 6.756679
v 5.389455 0.232820 6.701378
v 5.415411 0.283575 6.799169
v 5.333685 -0.317202 6.782319
v 5.389455 -0.349825 6.695819
v 5.415411 -0.288632 6.779089
v 5.964807 -0.317202 9.009377
v 5.997430 -0.349825 8.899441
v 5.936238 -0.288632 8.894476
v 5.960281 0.258630 6.825525
v 6.012098 0.271849 6.723346
v 5.926096 0.273788 6.708356
v 5.960281 0.218435 8.934431
v 6.012098 0.287826 8.934431
v 5.926096 0.298005 8.934431
v 5.962003 0.218435 11.110219
v 5.998643 0.287825 11.165180
v 5.937830 0.298005 11.073960
v 5.384972 0.220232 11.096327
v 5.407042 0.286898 11.172349
v 5.346538 0.297135 11.080684
v 5.383279 -0.367499 13.284227
v 5.420815 -0.290883 13.306528
v 5.334457 -0.297279 13.304667
v 5.383279 -0.353809 14.849873
v 5.420815 -0.298622 14.767093
v 5.334457 -0.303230 14.774004
v 5.384303 0.235996 14.854051
v 5.415399 0.271287 14.744977
v 5.338850 0.296982 14.791937
v 5.958572 0.233482 15.885918
v 5.949249 0.260560 15.763323
v 5.990654 0.310223 15.849743
v 5.957343 -0.317298 13.372275
v 5.947762 -0.282714 13.254049
v 5.993371 -0.355647 13.269096
v 5.416024 -0.284536 14.792235
v 5.331914 -0.303828 14.803187
v 5.390614 -0.367297 14.795544
v 5.948596 -0.309440 15.764116
v 5.959435 -0.284998 15.887674
v 5.990445 -0.361222 15.847192
v 5.947757 0.275820 13.229710
v 5.935097 0.261572 13.356428
v 6.015621 0.266873 13.309284
v 5.947756 0.300962 15.882305
v 5.935097 0.240383 15.791435
v 6.015621 0.262920 15.825242
v 5.938518 -0.342015 15.884643
v 5.945321 -0.283917 15.788849
v 6.014637 -0.329728 15.825491
v 5.340476 -0.340173 13.332295
v 5.412744 -0.292652 13.338865
v 5.385332 -0.322835 13.224260
v 5.365353 0.220936 14.810072
v 5.419789 0.286758 14.831506
v 5.353409 0.296570 14.749383
v 3.594513 0.218109 15.831591
v 3.596227 0.294398 15.893015
v 3.592608 0.291749 15.763287
v 1.222739 0.218106 14.791891
v 1.222700 0.294395 14.853370
v 1.222782 0.291746 14.723528
v -1.148971 0.218102 15.824201
v -1.149010 0.294392 15.885679
v -1.148927 0.291743 15.755838
v -3.512920 0.218727 14.785352
v -3.531006 0.293559 14.844845
v -3.518108 0.291944 14.716413
v -5.296745 -0.367686 14.782314
v -5.331880 -0.296039 14.832787
v -5.288611 -0.291980 14.720424
v -5.891995 -0.368546 13.300611
v -5.881112 -0.292300 13.360008
v -5.904051 -0.294858 13.234803
v -5.891877 -0.368546 15.812435
v -5.877716 -0.292300 15.754614
v -5.907566 -0.294858 15.876495
v -5.266662 -0.349013 14.768386
v -5.343630 -0.318912 14.729565
v -5.306945 -0.287779 14.837574
v -5.276460 0.227630 14.774622
v -5.321663 0.290142 14.715588
v -5.319110 0.286450 14.845316
v -3.522547 -0.368461 14.778257
v -3.519605 -0.291342 14.719316
v -3.519881 -0.295892 14.849039
v -1.148966 0.218149 14.781956
v -1.148926 0.295322 14.723010
v -1.149015 0.290768 14.852734
v 1.222743 -0.368490 14.785652
v 1.222784 -0.291317 14.726707
v 1.222694 -0.295871 14.856430
v 3.592580 0.218189 14.789345
v 3.595522 0.295308 14.730403
v 3.595247 0.290758 14.860126
v 5.347838 -0.348538 14.760326
v 5.428823 -0.323548 14.787037
v 5.361890 -0.283574 14.843603
v 3.592400 -0.328441 15.755842
v 3.595832 -0.356061 15.878855
v 3.595116 -0.271167 15.853195
v 1.222787 -0.328444 14.716076
v 1.222709 -0.356064 14.839196
v 1.222725 -0.271170 14.813516
v -1.148921 -0.328447 15.748384
v -1.149000 -0.356066 15.871505
v -1.148983 -0.271173 15.845824
v -3.513700 -0.328450 14.709433
v -3.525385 -0.356069 14.831300
v -3.522949 -0.271176 14.805880
v -5.271064 -0.328453 14.726558
v -5.329144 -0.356072 14.813557
v -5.317029 -0.271179 14.795410
v -5.257641 -0.328453 13.265902
v -5.338199 -0.356072 13.289501
v -5.321396 -0.271179 13.284579
v -5.851492 -0.328452 11.153746
v -5.919975 -0.356072 11.085876
v -5.905691 -0.271179 11.100033
v -5.270789 -0.328453 11.149507
v -5.329328 -0.356072 11.063205
v -5.317117 -0.271179 11.081206
v -5.256732 -0.328452 8.915952
v -5.338811 -0.356072 8.915952
v -5.321691 -0.271179 8.915952
v -5.256732 -0.328271 6.731104
v -5.338811 -0.355385 6.723212
v -5.321691 -0.272046 6.747470
v -5.282548 0.291243 4.495281
v -5.340520 0.233432 4.537630
v -5.294166 0.279547 4.622809
v -5.873442 0.312499 6.723289
v -5.933624 0.265731 6.784969
v -5.870092 0.225991 6.719854
v -5.270442 0.303399 6.730315
v -5.321705 0.251671 6.800611
v -5.325087 0.249152 6.670861
v -5.259507 -0.305114 6.713748
v -5.312386 -0.353610 6.786492
v -5.345341 -0.296979 6.701547
v -5.259507 -0.305114 4.572088
v -5.312386 -0.353610 4.499343
v -5.345341 -0.296979 4.584289
v -5.270428 0.303373 4.555807
v -5.321947 0.252153 4.485093
v -5.324859 0.248696 4.614820
v -5.878744 0.314227 4.577783
v -5.927558 0.261653 4.505020
v -5.870856 0.228341 4.589540
v -5.873508 0.314227 6.737189
v -5.941058 0.261653 6.756925
v -5.862592 0.228341 6.734000
v -5.309422 0.314227 8.887633
v -5.296265 0.261653 8.988957
v -5.311548 0.228341 8.871260
v -5.324977 0.314227 6.733929
v -5.256158 0.261654 6.733929
v -5.336098 0.228342 6.733929
v -5.324977 0.314227 4.551907
v -5.256158 0.261654 4.551907
v -5.336098 0.228342 4.551907
v -5.324977 0.273399 0.745746
v -5.256158 0.267334 0.824079
v -5.336098 0.263491 0.873714
v -5.332897 -0.359287 4.536560
v -5.256762 -0.322815 4.565542
v -5.327576 -0.273600 4.553617
v -5.920524 -0.359899 6.742763
v -5.842523 -0.322270 6.742600
v -5.914111 -0.273534 6.742749
v -5.333883 -0.359899 8.916032
v -5.255882 -0.322271 8.915810
v -5.327469 -0.273534 8.916014
v -5.923958 -0.350593 11.145998
v -5.845011 -0.315529 11.136765
v -5.908187 -0.289582 11.056890
v -5.908577 0.285027 11.179462
v -5.857066 0.232728 11.110539
v -5.911515 0.286465 11.049652
v -5.281834 0.305168 11.133223
v -5.294789 0.220492 11.114124
v -5.340612 0.278561 11.046570
v -5.269409 0.301792 8.906137
v -5.294167 0.220323 8.929850
v -5.353658 0.282107 8.911865
v -5.300234 -0.324145 6.659857
v -5.278183 -0.345940 6.781150
v -5.338817 -0.285617 6.760780
v -5.882937 -0.322491 8.854548
v -5.897754 -0.359774 8.969671
v -5.896467 -0.273438 8.959663
v -5.842540 -0.322491 6.742704
v -5.920706 -0.359774 6.742704
v -5.913911 -0.273438 6.742704
v -5.842540 -0.322491 4.557448
v -5.920706 -0.359773 4.557448
v -5.913911 -0.273438 4.557448
v -5.842540 -0.321341 0.810352
v -5.920706 -0.347704 0.770807
v -5.913911 -0.286656 0.862380
v -5.842540 0.270848 0.810352
v -5.920706 0.297211 0.770807
v -5.913911 0.236162 0.862380
v -5.842540 0.268526 4.563293
v -5.920706 0.272820 4.618845
v -5.913911 0.262875 4.490204
v -5.842540 -0.322387 0.815860
v -5.920706 -0.358680 0.828659
v -5.913911 -0.274635 0.799021
v 5.362001 0.314920 6.752409
v 5.361678 0.234725 6.703374
v 5.414872 0.254620 6.801444
v 5.359859 -0.273421 8.947567
v 5.349532 -0.357832 8.922998
v 5.429160 -0.324407 8.932728
v 5.364171 -0.273509 11.139472
v 5.359606 -0.359871 11.146319
v 5.414774 -0.322280 11.063568
v 5.951925 -0.272784 11.137803
v 5.945247 -0.358870 11.147820
v 6.001303 -0.324006 11.063737
v 5.933208 -0.291961 13.258585
v 5.950066 -0.352027 13.348684
v 6.015202 -0.311671 13.288151
v 5.946190 0.233126 13.254005
v 5.938132 0.290121 13.351063
v 6.014153 0.281019 13.290354
v 5.387355 0.232965 11.168521
v 5.334394 0.289149 11.109686
v 5.416802 0.282151 11.071154
v 5.387825 -0.359420 11.157829
v 5.332664 -0.304083 11.101803
v 5.418063 -0.292157 11.089727
v 5.389528 0.219101 8.934431
v 5.332087 0.283913 8.934431
v 5.416936 0.301252 8.934431
v 5.382195 -0.363789 6.784105
v 5.347647 -0.310396 6.695929
v 5.408709 -0.281474 6.777193
v 5.979378 -0.364926 6.772238
v 5.931151 -0.311557 6.699898
v 5.987947 -0.279176 6.785091
v 5.970024 -0.364250 4.540508
v 5.956687 -0.313276 4.643602
v 5.971765 -0.278131 4.527051
v 5.349051 -0.349020 6.714356
v 5.379216 -0.318855 6.827406
v 5.410285 -0.287785 6.715464
v 5.335335 0.272548 4.535919
v 5.381337 0.258570 4.643965
v 5.421880 0.273148 4.531278
v 5.336172 0.293013 6.752409
v 5.379604 0.218089 6.752409
v 5.422775 0.293164 6.752409
v 5.337840 0.294500 8.946563
v 5.377902 0.218116 8.934901
v 5.422810 0.291650 8.921829
v 5.932198 0.285397 11.164991
v 5.953493 0.232736 11.066936
v 6.012784 0.286133 11.117434
v 5.931074 -0.289026 11.146349
v 5.952849 -0.358501 11.076008
v 6.014552 -0.308133 11.127003
v 5.937834 0.306079 13.274544
v 5.946560 0.222266 13.304521
v 6.014081 0.275921 13.316357
v 5.357809 0.307055 14.763103
v 5.377033 0.222635 14.765961
v 5.403710 0.274574 14.861898
v 3.592893 -0.276248 14.753393
v 3.596136 -0.362729 14.758245
v 3.594319 -0.316693 14.868240
v 1.222766 0.311317 14.751924
v 1.222766 0.224715 14.752268
v 1.222688 0.268215 14.864596
v -1.157688 -0.275022 14.751425
v -1.147505 -0.360953 14.746189
v -1.141715 -0.319712 14.860086
v -3.548136 -0.276962 15.824041
v -3.542621 -0.363385 15.822870
v -3.471274 -0.315349 15.807713
v -1.148995 -0.276023 15.861317
v -1.148993 -0.362587 15.857458
v -1.148916 -0.317077 15.746937
v 1.222715 -0.275135 15.862779
v 1.222714 -0.361736 15.863422
v 1.222793 -0.318807 15.750603
v 3.594425 -0.274299 15.864197
v 3.594422 -0.360833 15.869341
v 3.594501 -0.320537 15.754356
v 5.981507 -0.273516 15.856041
v 5.986049 -0.359880 15.862862
v 5.930919 -0.322264 15.780079
v 5.982597 -0.272198 13.311966
v 5.998833 -0.355707 13.287659
v 5.917045 -0.327755 13.295795
v 5.980951 0.315850 11.116453
v 6.000125 0.231397 11.116453
v 5.917399 0.257019 11.116453
v 5.948600 -0.300995 8.869333
v 6.001513 -0.353908 8.934723
v 5.948362 -0.300756 8.999237
v 5.330845 -0.330002 11.116453
v 5.413768 -0.354980 11.116453
v 5.393938 -0.270678 11.116453
v 5.925512 -0.328309 13.257320
v 5.993484 -0.356145 13.326139
v 5.979479 -0.271206 13.311960
v 5.414411 -0.326604 13.246133
v 5.357141 -0.357265 13.332039
v 5.367000 -0.271792 13.317249
v 5.414875 -0.325288 11.064395
v 5.331222 -0.321019 11.097392
v 5.392455 -0.309353 11.187572
v 5.407206 0.240399 13.251837
v 5.346633 0.300972 13.270926
v 5.384712 0.262893 13.372660
v 5.972410 0.230367 11.068127
v 5.969255 0.315371 11.092512
v 5.956810 0.258528 11.188721
v 5.988427 0.229252 13.331877
v 5.978806 0.314779 13.317447
v 5.931242 0.260234 13.246099
v 5.413221 0.234384 13.321127
v 5.353416 0.294189 13.349066
v 5.371913 0.275692 13.225229
v 5.421753 -0.326466 13.336821
v 5.338251 -0.344440 13.315378
v 5.378547 -0.284755 13.243223
v 6.013456 -0.331920 11.130220
v 5.931145 -0.353595 11.106262
v 5.953874 -0.270144 11.112878
v 6.014773 -0.330242 8.934431
v 5.931728 -0.354810 8.934431
v 5.951974 -0.270607 8.934431
v 6.015149 -0.325622 6.741805
v 5.933005 -0.345018 6.712710
v 5.950321 -0.285018 6.802711
v 5.997075 0.299006 6.716026
v 5.935847 0.237777 6.713803
v 5.965553 0.267484 6.827398
v -5.942386 -0.318568 11.113218
v -5.867386 -0.276057 11.100862
v -5.867385 -0.361078 11.125575
v -5.901761 -0.328667 8.855865
v -5.889373 -0.271109 8.951132
v -5.886024 -0.355927 8.976886
v -5.268507 -0.304516 11.052577
v -5.350871 -0.297497 11.091315
v -5.297857 -0.353690 11.150024
v -5.265559 0.289111 11.066417
v -5.351602 0.282164 11.076838
v -5.300072 0.232947 11.150663
v -5.302716 0.315511 13.303257
v -5.315135 0.258040 13.207882
v -5.299384 0.230670 13.328844
v -5.910331 0.314742 11.113283
v -5.842997 0.260280 11.113039
v -5.923830 0.229198 11.113333
v -5.293043 0.280812 8.845972
v -5.283423 0.290169 8.974307
v -5.340768 0.233241 8.927571
v -5.264277 -0.345992 11.089991
v -5.302286 -0.269601 11.112226
v -5.350671 -0.340111 11.091702
v -5.278813 -0.351417 13.319555
v -5.298887 -0.269498 13.290070
v -5.339538 -0.334789 13.230358
v -5.906085 -0.333225 13.367172
v -5.857302 -0.283376 13.290169
v -5.913771 -0.339103 13.238082
v -5.894005 0.227319 13.341856
v -5.848300 0.287308 13.277999
v -5.934858 0.289593 13.275567
v -5.909315 -0.365592 15.816744
v -5.857024 -0.305757 15.765097
v -5.910820 -0.284355 15.861704
v -3.526768 -0.368180 15.816492
v -3.559860 -0.288390 15.807166
v -3.475403 -0.299126 15.830967
v -5.312669 -0.365967 14.757010
v -5.337186 -0.297480 14.827500
v -5.267381 -0.292257 14.751015
v -5.340159 0.250987 13.232000
v -5.309578 0.257660 13.353124
v -5.267497 0.295574 13.254859
v -5.923284 0.300684 15.847444
v -5.899962 0.218944 15.822586
v -5.853919 0.284591 15.773509
v -3.520716 0.302379 15.872775
v -3.520689 0.219421 15.835487
v -3.520628 0.282428 15.746367
v -1.124391 0.304003 15.858812
v -1.139271 0.219999 15.836469
v -1.183246 0.280235 15.770437
v -1.105261 0.285249 14.760145
v -1.149795 0.232729 14.838926
v -1.191852 0.286260 14.758629
v -1.114408 -0.284012 14.770042
v -1.159798 -0.329342 14.857312
v -1.172702 -0.342333 14.730346
v 1.188581 -0.284386 14.770309
v 1.231925 -0.327794 14.862007
v 1.247715 -0.343498 14.736471
v 1.189031 0.234357 14.767030
v 1.230361 0.275753 14.862822
v 1.248829 0.294136 14.738937
v -1.148951 0.221118 14.760152
v -1.149020 0.276694 14.859778
v -1.148936 0.306426 14.737770
v -3.520654 0.221946 14.753274
v -3.520738 0.274440 14.856592
v -3.520642 0.307844 14.736743
v -5.314703 0.222869 14.749412
v -5.284852 0.272172 14.846369
v -5.317679 0.309180 14.739744
v -5.881998 0.234349 15.761379
v -5.860151 0.275742 15.870678
v -5.935015 0.294128 15.811481
v -5.873105 -0.283704 15.769197
v -5.863357 -0.341087 15.865388
v -5.940696 -0.330914 15.808958
v -5.311539 -0.283473 13.332703
v -5.261028 -0.339822 13.269535
v -5.344670 -0.332409 13.237745
v -5.302596 0.270175 13.354778
v -5.276816 0.297587 13.237779
v -5.337823 0.236458 13.247425
v -5.927372 0.279886 13.349043
v -5.876060 0.302626 13.250111
v -5.873731 0.221708 13.296268
v 5.402105 -0.363161 14.796989
v 5.344692 -0.308166 14.745478
v 5.391755 -0.284334 14.848500
v 5.425424 0.273287 13.269794
v 5.339405 0.275920 13.255268
v 5.373723 0.255058 13.370358
v 5.393470 0.314024 14.817945
v 5.344430 0.262220 14.744285
v 5.400651 0.228020 14.828732
v 3.594434 0.316373 14.812749
v 3.594508 0.255175 14.720835
v 3.594407 0.232707 14.846291
v 1.226932 0.317729 14.795891
v 1.190258 0.248395 14.740822
v 1.251031 0.238122 14.832077
v 1.221869 0.318067 15.826908
v 1.192551 0.242023 15.870840
v 1.253801 0.244156 15.779059
v 3.625319 0.298980 15.865812
v 3.564088 0.237750 15.867774
v 3.593941 0.267525 15.754306
v 3.642029 -0.329424 15.845598
v 3.557350 -0.342259 15.864851
v 3.583970 -0.283986 15.777443
v 3.613948 -0.356581 14.754351
v 3.564924 -0.327662 14.852259
v 3.604476 -0.271427 14.773267
v 1.222766 -0.360837 15.785560
v 1.222693 -0.320538 15.900543
v 1.222763 -0.274302 15.790701
v -1.161188 -0.364224 14.761448
v -1.119142 -0.313375 14.845588
v -1.166577 -0.278089 14.750664
v -1.180590 -0.345949 15.862985
v -1.099616 -0.324233 15.830410
v -1.166699 -0.285504 15.772319
v -1.156056 0.275115 15.895394
v -1.115428 0.234555 15.798134
v -1.175423 0.294567 15.772188
v 1.224696 0.270090 15.900484
v 1.191191 0.236509 15.791801
v 1.252334 0.297648 15.784521
v 1.235214 -0.352797 15.876958
v 1.174572 -0.309079 15.811380
v 1.258436 -0.293802 15.788465
v 1.238069 -0.363610 14.812613
v 1.187502 -0.314817 14.736685
v 1.242650 -0.277251 14.819490
v 3.594431 -0.366247 14.815825
v 3.594508 -0.307720 14.720075
v 3.594408 -0.281702 14.843979
v -5.857029 -0.283213 6.742704
v -5.910280 -0.336029 6.677754
v -5.909848 -0.336461 6.807654
v -5.846985 0.282886 6.720487
v -5.933227 0.288469 6.712110
v -5.896945 0.232865 6.795516
v -5.849055 0.272819 8.964700
v -5.935657 0.272839 8.964852
v -5.892446 0.258561 8.854330
v -5.851476 -0.347314 6.742704
v -5.937736 -0.339623 6.742704
v -5.887946 -0.268765 6.742704
v -5.854228 0.241297 4.584573
v -5.939447 0.254077 4.571627
v -5.883482 0.308847 4.516143
v -5.870735 -0.283830 4.600521
v -5.940517 -0.330235 4.567760
v -5.865906 -0.341637 4.504064
v -5.284780 -0.275383 6.754908
v -5.347338 -0.318334 6.692308
v -5.285116 -0.361985 6.754571
v 5.966158 -0.268552 0.832994
v 5.924010 -0.343552 0.818108
v 6.008307 -0.343552 0.847880
v 5.408003 -0.290067 4.525965
v 5.347138 -0.350932 4.540266
v 5.383410 -0.314661 4.644932
v 5.429517 0.268089 0.832994
v 5.354517 0.225940 0.818108
v 5.354517 0.310238 0.847880
v -5.305745 0.318074 0.814513
v -5.305745 0.243074 0.749561
v -5.305745 0.243074 0.879465
v -5.892386 0.318074 0.814513
v -5.892386 0.243074 0.749561
v -5.892386 0.243074 0.879465
v -4.424683 0.382445 14.635723
v -4.345366 0.363356 14.558550
v -4.795028 0.382445 14.635723
v -4.874344 0.455212 15.079489
v -4.795028 0.446755 15.000443
v -4.424683 0.446755 15.000443
v -4.424683 4.321678 13.941131
v -4.609856 4.579573 13.722008
v -4.424683 4.385988 14.305850
v -4.795028 4.321678 13.941131
v -4.795028 4.291983 13.772717
v -4.795028 4.385988 14.305850
v -4.424683 4.415684 14.474262
v -4.345366 0.455212 15.079489
v -4.703485 -0.016264 14.798982
v -4.874344 0.363356 14.558550
v -4.516227 0.016253 14.983395
v -4.516227 -0.016264 14.798982
v -4.703485 0.016253 14.983395
v -4.609856 4.703274 14.423553
v -4.795028 4.415684 14.474262
v -4.424683 4.291983 13.772717
v -0.185173 0.382445 14.635723
v 0.185173 4.321678 13.941131
v 0.185173 0.382445 14.635723
v -0.185173 4.385988 14.305850
v -0.185173 4.321678 13.941131
v 0.185173 0.446755 15.000443
v 0.185173 4.385988 14.305850
v -0.185173 0.446755 15.000443
v 4.424683 0.382445 14.635723
v 4.795028 4.321678 13.941131
v 4.795028 0.382445 14.635723
v 4.424683 4.385988 14.305850
v 4.424683 4.321678 13.941131
v 4.795028 0.446755 15.000443
v 4.795028 4.385988 14.305850
v 4.424683 0.446755 15.000443
v -0.264489 0.455212 15.079489
v 0.264489 0.363356 14.558550
v -0.264489 0.363356 14.558550
v -0.185173 4.291983 13.772717
v -0.000000 4.579573 13.722008
v 0.185173 4.415684 14.474262
v -0.093629 -0.016264 14.798982
v 0.093629 0.016253 14.983395
v 0.264489 0.455212 15.079489
v 0.093629 -0.016264 14.798982
v -0.093629 0.016253 14.983395
v -0.000000 4.703274 14.423553
v -0.185173 4.415684 14.474262
v 0.185173 4.291983 13.772717
v 4.345366 0.455212 15.079489
v 4.874344 0.363356 14.558550
v 4.345366 0.363356 14.558550
v 4.424683 4.291983 13.772717
v 4.609856 4.579573 13.722008
v 4.795028 4.415684 14.474262
v 4.516227 -0.016264 14.798982
v 4.703485 0.016253 14.983395
v 4.874344 0.455212 15.079489
v 4.703485 -0.016264 14.798982
v 4.516227 0.016253 14.983395
v 4.609856 4.703274 14.423553
v 4.424683 4.415684 14.474262
v 4.795028 4.291983 13.772717
vn 0.7071 -0.7071 -0.0000
vn -0.0270 -0.7068 0.7068
vn -0.7068 -0.7068 -0.0270
vn -0.7071 -0.7071 -0.0000
vn -0.7068 0.7068 -0.0270
vn -0.7071 0.7071 -0.0000
vn 0.7068 0.7068 -0.0270
vn 0.7071 0.7071 -0.0000
vn 1.0000 -0.0000 0.0010
vn -0.4702 0.8826 0.0027
vn -0.0592 0.9892 -0.1342
vn 0.6130 -0.0000 0.7901
vn -0.4702 -0.8826 0.0027
vn -0.0592 -0.9892 -0.1342
vn 0.3600 0.9317 -0.0482
vn -0.4546 0.2000 0.8679
vn -0.0619 -0.9891 -0.1334
vn 0.9486 -0.2592 0.1817
vn -0.9254 0.3117 -0.2155
vn -0.8831 0.3148 -0.3480
vn -0.6866 -0.6866 0.2390
vn -0.7009 -0.7009 0.1322
vn 0.7063 0.7063 -0.0482
vn -0.4703 0.8671 0.1641
vn 0.4177 -0.8848 -0.2064
vn 0.3662 -0.8775 -0.3096
vn 0.4140 0.9100 -0.0206
vn 0.5125 -0.8545 0.0850
vn -0.9902 -0.1400 0.0028
vn 0.3998 0.9166 0.0006
vn 0.6239 -0.7815 -0.0001
vn -0.9963 0.0862 0.0004
vn 0.5197 0.8544 -0.0000
vn 0.4911 -0.8711 -0.0000
vn -0.9807 -0.1956 -0.0000
vn 0.4008 0.9162 -0.0002
vn 0.6246 -0.7809 -0.0000
vn -0.9962 0.0869 -0.0001
vn 0.4654 0.8848 0.0236
vn 0.5001 -0.8657 -0.0219
vn -0.9758 -0.2184 0.0107
vn -0.1014 0.9523 -0.2877
vn 0.0500 -0.9963 0.0698
vn -0.5472 0.1766 0.8182
vn -0.0834 0.6128 -0.7859
vn -0.2138 -0.8834 -0.4170
vn 0.2982 0.1969 0.9340
vn 0.5917 0.0992 -0.8000
vn -0.2696 0.2383 -0.9330
vn 0.2418 -0.0322 0.9698
vn -0.6807 -0.4783 -0.5549
vn 0.4794 0.7450 -0.4638
vn -0.3571 -0.3694 0.8579
vn -0.6051 0.5438 -0.5816
vn 0.7519 0.4868 -0.4446
vn 0.0206 -0.8940 0.4476
vn -0.7107 0.5124 0.4820
vn 0.6614 0.5378 0.5228
vn 0.0728 -0.8346 -0.5460
vn -0.7927 -0.4302 0.4319
vn 0.5539 -0.6257 0.5493
vn 0.1965 0.7391 -0.6443
vn -0.7466 -0.5000 0.4388
vn 0.3886 -0.3446 -0.8545
vn 0.3040 0.8412 -0.4472
vn 0.0956 -0.6042 0.7911
vn -0.3499 -0.6376 0.6863
vn -0.1786 0.6882 -0.7032
vn -0.0694 -0.7340 0.6756
vn -0.0380 0.8982 0.4379
vn -0.0080 0.1604 -0.9870
vn -0.0007 -0.8653 0.5012
vn -0.0011 0.7619 0.6477
vn 0.0015 -0.1305 -0.9914
vn -0.0011 -0.7856 0.6187
vn -0.0007 0.8502 0.5265
vn 0.0015 0.1521 -0.9884
vn 0.0347 -0.9112 0.4104
vn 0.0658 0.7104 0.7007
vn 0.0098 -0.1347 -0.9908
vn 0.5970 0.5459 0.5878
vn -0.0441 0.6708 0.7404
vn 0.0579 -0.9025 -0.4269
vn 0.0400 0.1750 -0.9838
vn 0.0841 0.7085 0.7007
vn 0.0073 -0.9998 -0.0210
vn 0.0014 0.3742 -0.9273
vn -0.0011 0.4683 0.8836
vn -0.0006 -0.9319 0.3627
vn 0.0003 0.2335 -0.9724
vn -0.0010 0.6883 0.7254
vn -0.0002 -0.9999 -0.0127
vn 0.0505 0.4126 -0.9095
vn -0.0627 0.4564 0.8876
vn -0.0280 -0.9232 0.3834
vn 0.5545 0.6885 -0.4674
vn -0.7884 0.4754 0.3904
vn -0.2013 -0.9360 0.2888
vn 0.8633 0.5028 -0.0423
vn -0.9769 0.2133 -0.0165
vn 0.1217 -0.9913 0.0503
vn 0.7384 0.6743 -0.0004
vn -0.8639 0.5036 -0.0005
vn 0.1371 -0.9906 -0.0014
vn 0.8734 0.4871 -0.0000
vn -0.9652 0.2616 -0.0000
vn 0.1022 -0.9948 -0.0000
vn 0.7307 0.6827 -0.0015
vn -0.8665 0.4992 0.0003
vn 0.1404 -0.9901 -0.0028
vn 0.8200 0.5556 -0.1373
vn -0.9363 0.3505 0.0241
vn 0.1599 -0.9770 0.1412
vn 0.3881 0.8674 0.3113
vn -0.7206 0.2510 -0.6464
vn -0.2002 -0.9700 -0.1379
vn -0.0231 0.0272 0.9994
vn -0.0696 0.0849 -0.9940
vn 0.7122 -0.6949 0.0989
vn -0.7299 -0.5730 0.3727
vn -0.2295 0.6422 -0.7314
vn 0.9560 0.2781 -0.0938
vn -0.5849 -0.8107 0.0268
vn -0.5894 0.8076 0.0175
vn 0.9980 -0.0095 -0.0628
vn -0.4081 -0.9129 0.0014
vn -0.3473 0.9377 0.0014
vn 0.9996 -0.0274 0.0003
vn -0.6164 -0.7874 0.0008
vn -0.5703 0.8214 0.0007
vn 0.9993 -0.0369 -0.0011
vn -0.4045 -0.9145 0.0019
vn -0.3436 0.9391 0.0019
vn 0.9996 -0.0277 -0.0003
vn -0.6112 -0.7914 0.0124
vn -0.5716 0.8205 0.0093
vn 0.9953 -0.0398 -0.0882
vn 0.0901 -0.7806 0.6185
vn 0.1633 0.7510 0.6398
vn -0.1770 0.0131 -0.9841
vn 0.4463 -0.8888 0.1040
vn 0.4691 0.8721 -0.1392
vn -0.9861 0.1648 -0.0200
vn 0.4910 -0.8712 -0.0063
vn -0.4785 -0.0819 -0.8743
vn -0.7662 0.6230 -0.1576
vn -0.4671 0.0159 0.8841
vn -0.4158 -0.6130 -0.6718
vn -0.2395 0.9215 0.3058
vn -0.4848 -0.8653 -0.1272
vn 0.9973 -0.0726 -0.0048
vn -0.4692 0.8735 0.1295
vn -0.8937 -0.3790 0.2401
vn 0.9671 0.2488 0.0531
vn 0.0306 0.8471 -0.5306
vn -0.5750 -0.6442 0.5043
vn 0.4864 0.4496 0.7492
vn -0.3423 -0.2508 -0.9055
vn 0.6373 -0.6317 0.4414
vn -0.3888 0.4092 0.8255
vn 0.2693 -0.2832 -0.9205
vn 0.6590 0.5847 0.4731
vn -0.4186 -0.4855 0.7675
vn 0.2471 0.3120 -0.9174
vn 0.3333 0.8880 0.3167
vn -0.1768 -0.9817 0.0708
vn -0.7333 0.0562 -0.6776
vn 0.7556 0.6551 -0.0015
vn 0.1657 -0.9862 -0.0027
vn -0.9350 0.3548 -0.0010
vn 0.7557 0.6549 0.0018
vn 0.1579 -0.9874 0.0021
vn -0.9376 0.3476 0.0008
vn 0.3632 0.8956 -0.2568
vn -0.2648 -0.9604 -0.0867
vn -0.6455 0.2337 0.7272
vn 0.0087 0.6206 -0.7840
vn 0.0096 -0.9436 -0.3310
vn -0.0025 0.0187 0.9998
vn 0.0009 0.7339 -0.6793
vn 0.0007 -0.9167 -0.3996
vn -0.0014 0.2943 0.9557
vn 0.0014 0.5850 -0.8110
vn 0.0004 -0.9479 -0.3184
vn -0.0016 0.0196 0.9998
vn -0.0288 0.7333 -0.6793
vn -0.0101 -0.9560 -0.2933
vn 0.0094 0.2797 0.9601
vn 0.2555 0.8547 -0.4518
vn -0.2262 -0.9454 0.2345
vn 0.7022 0.6410 -0.3097
vn 0.7926 0.6031 0.0900
vn -0.6841 -0.5079 0.5236
vn -0.1244 -0.5435 -0.8301
vn 0.9915 0.1303 0.0001
vn -0.8659 -0.3638 0.3432
vn 0.0504 0.6945 -0.7177
vn 0.6262 -0.5597 -0.5428
vn -0.5880 -0.4791 0.6517
vn -0.4301 0.8653 0.2576
vn -0.5922 -0.7066 -0.3874
vn 0.7200 -0.3481 0.6003
vn 0.3656 0.9037 0.2228
vn -0.9095 -0.3992 0.1159
vn 0.7648 -0.6389 -0.0831
vn 0.0356 0.9993 -0.0083
vn -0.9299 -0.3646 0.0478
vn 0.8304 -0.5505 0.0859
vn 0.1653 0.9775 -0.1313
vn -0.1192 0.2029 -0.9719
vn -0.2334 -0.5047 0.8312
vn 0.3701 0.8092 -0.4564
vn 0.3167 -0.9460 0.0695
vn 0.0133 -0.0668 0.9977
vn -0.3052 0.9521 0.0193
vn 0.4600 -0.6915 0.5569
vn 0.3782 0.8140 -0.4409
vn -0.8504 0.4392 -0.2896
vn 0.3465 -0.4707 0.8114
vn 0.5799 -0.4365 -0.6878
vn -0.6568 0.7349 -0.1687
vn -0.6789 -0.3383 0.6516
vn 0.7457 -0.4730 -0.4693
vn -0.3817 0.8979 0.2191
vn -0.6916 -0.7223 0.0017
vn 0.9643 -0.2649 0.0010
vn -0.2522 0.9677 0.0026
vn -0.7185 -0.6955 -0.0010
vn 0.9691 -0.2466 -0.0015
vn -0.2708 0.9626 -0.0006
vn -0.3326 -0.6814 -0.6519
vn 0.9000 -0.3797 -0.2140
vn -0.4810 0.7407 0.4691
vn -0.4828 0.4828 -0.7306
vn 0.7059 -0.7059 -0.0582
vn -0.4372 0.4372 0.7859
vn 0.6924 0.3055 -0.6536
vn 0.3633 -0.9073 -0.2118
vn -0.7216 0.5097 0.4685
vn 0.6964 0.7121 0.0891
vn 0.2033 -0.9710 -0.1259
vn -0.9241 0.3799 0.0410
vn 0.8256 0.5301 0.1932
vn 0.2367 -0.9657 -0.1066
vn -0.9576 0.2820 -0.0585
vn 0.9940 0.1069 0.0250
vn -0.1238 -0.6310 0.7659
vn -0.9477 -0.0175 -0.3186
vn 0.8883 0.3132 -0.3361
vn -0.2565 -0.6969 0.6697
vn -0.3191 0.6726 -0.6677
vn 0.1186 -0.6376 -0.7612
vn 0.0831 -0.8539 0.5138
vn -0.2532 0.7919 0.5557
vn -0.9689 -0.2445 -0.0370
vn 0.6915 -0.7222 -0.0149
vn 0.4405 0.8976 -0.0166
vn -0.9692 -0.1610 0.1865
vn 0.6751 -0.7371 0.0318
vn 0.2359 0.9566 -0.1709
vn -0.6129 -0.6129 -0.4987
vn -0.0655 -0.0655 0.9957
vn 0.4775 0.4775 -0.7376
vn -0.1532 -0.9710 0.1837
vn -0.7180 0.6955 0.0276
vn 0.9551 0.2450 -0.1668
vn 0.1886 -0.8827 0.4304
vn -0.3752 0.7352 -0.5646
vn 0.6667 0.4598 0.5866
vn -0.4986 -0.8123 0.3025
vn 0.8075 0.4393 -0.3935
vn -0.6649 0.5059 0.5496
vn -0.2510 -0.9674 -0.0332
vn 0.9729 0.1762 0.1498
vn -0.5758 0.8144 -0.0715
vn -0.3891 -0.9181 0.0756
vn 0.9794 0.2016 -0.0119
vn -0.6736 0.7368 -0.0578
vn -0.8625 0.4906 0.1239
vn 0.9657 -0.0015 -0.2595
vn 0.2887 0.2201 -0.9318
vn -0.9183 0.3675 -0.1472
vn 0.9429 -0.0129 0.3328
vn -0.0842 0.2088 0.9743
vn -0.5396 -0.7972 0.2706
vn 0.7690 0.4546 -0.4494
vn -0.5859 0.5900 -0.5555
vn 0.1513 -0.1678 0.9741
vn 0.6777 -0.7072 -0.2015
vn -0.3426 0.3180 -0.8840
vn 0.8662 0.1832 0.4650
vn -0.5042 -0.7809 -0.3687
vn -0.5139 0.5715 -0.6397
vn 0.9760 0.1912 -0.1037
vn -0.5237 -0.8400 0.1418
vn -0.5817 0.8127 0.0338
vn 0.6915 0.6915 -0.2091
vn -0.6780 -0.6780 0.2840
vn -0.1338 -0.1338 0.9819
vn 0.2067 0.9721 -0.1105
vn -0.8414 -0.5211 0.1431
vn 0.7988 -0.6006 0.0342
vn 0.2196 0.9750 -0.0343
vn -0.8942 -0.4251 0.1406
vn 0.8307 -0.5412 -0.1303
vn -0.0000 -0.0000 -1.0000
vn -0.3330 -0.0000 -0.9429
vn -0.1819 0.9832 -0.0129
vn -0.8256 -0.5502 -0.1252
vn 0.0246 -0.9978 -0.0614
vn -0.0727 0.9801 0.1847
vn 0.7792 -0.6138 0.1264
vn -0.2389 0.7532 0.6129
vn -0.1824 -0.9767 0.1130
vn 0.2826 0.8799 -0.3819
vn -0.2191 -0.7430 -0.6324
vn -0.9247 0.1349 0.3559
vn 0.0716 0.6299 0.7734
vn 0.5709 -0.6554 -0.4945
vn -0.5955 0.7625 0.2530
vn 0.5863 -0.4522 0.6722
vn 0.3975 -0.4174 -0.8172
vn 0.7006 0.7006 0.1357
vn -0.4910 -0.4910 0.7195
vn -0.4420 -0.4420 -0.7806
vn 0.7822 -0.6226 0.0247
vn -0.4527 0.4411 0.7749
vn -0.4074 0.5471 -0.7313
vn 0.3395 -0.9208 -0.1922
vn -0.7247 0.5721 0.3841
vn 0.8181 0.1284 -0.5605
vn 0.1850 -0.7730 -0.6069
vn -0.8225 0.5149 0.2416
vn 0.5081 0.5314 0.6778
vn 0.0824 -0.4589 -0.8847
vn -0.9534 -0.2639 0.1465
vn 0.7438 0.6277 0.2294
vn 0.7618 -0.6414 0.0913
vn -0.1071 0.7089 0.6971
vn -0.3143 0.9472 0.0631
vn 0.3287 0.3491 -0.8776
vn 0.2699 0.5369 0.7993
vn -0.8918 0.2911 -0.3464
vn 0.9285 0.3713 -0.0062
vn -0.1252 -0.9921 -0.0006
vn -0.8234 0.5674 -0.0044
vn 0.6644 0.1856 0.7240
vn 0.2180 -0.9740 0.0612
vn -0.3746 0.8486 -0.3735
vn 0.4487 0.7138 0.5377
vn -0.2298 -0.8842 -0.4067
vn -0.6811 0.4067 -0.6088
vn 0.8491 0.5216 0.0841
vn 0.0846 -0.9883 -0.1268
vn -0.9351 0.3491 0.0617
vn 0.9688 0.1201 -0.2167
vn 0.0762 -0.6469 0.7587
vn -0.9978 -0.0090 -0.0663
vn 0.6436 0.1788 -0.7442
vn -0.3954 -0.4423 0.8050
vn -0.4819 0.7522 -0.4495
vn 0.3881 0.5879 -0.7098
vn -0.3113 -0.7530 0.5797
vn 0.3221 0.0596 0.9448
vn -0.6113 0.5914 -0.5258
vn 0.8019 -0.1207 0.5852
vn 0.1778 0.1685 -0.9695
vn -0.9108 0.4007 0.0992
vn 0.7069 0.7066 -0.0315
vn -0.0597 -0.9982 -0.0084
vn -0.4524 0.5810 0.6765
vn -0.3862 -0.2301 -0.8933
vn 0.2814 -0.3593 0.8898
vn -0.9933 0.0823 0.0814
vn -0.7616 0.1407 -0.6326
vn 0.9293 -0.2016 -0.3093
vn -0.8735 -0.2791 -0.3989
vn -0.3314 0.7059 0.6260
vn 0.9421 0.3152 0.1146
vn -0.3585 0.8003 -0.4806
vn -0.2505 -0.4977 0.8304
vn 0.8845 -0.4648 0.0405
vn 0.6530 0.7481 -0.1176
vn -0.7210 -0.6875 0.0873
vn -0.5937 -0.4076 -0.6938
vn 0.8133 0.3367 0.4745
vn 0.0457 -0.9806 0.1908
vn -0.3137 0.8268 -0.4668
vn 0.0627 0.3540 0.9331
vn 0.0204 -0.9692 0.2453
vn -0.0374 0.5473 -0.8361
vn -0.0015 0.5676 0.8233
vn 0.0006 -0.9872 -0.1594
vn 0.0018 0.3268 -0.9451
vn 0.0021 0.3600 0.9330
vn 0.0031 -0.9767 0.2145
vn 0.0010 0.5109 -0.8596
vn -0.2615 0.5572 0.7881
vn 0.1818 -0.9823 -0.0460
vn 0.1015 0.4298 -0.8972
vn -0.5775 0.3082 0.7560
vn -0.0794 -0.9618 0.2622
vn 0.4558 0.6416 -0.6169
vn -0.0080 0.9873 0.1589
vn -0.0646 -0.9471 -0.3145
vn -0.2946 -0.0204 -0.9554
vn -0.0096 0.9609 -0.2766
vn 0.0090 -0.8865 0.4627
vn -0.3508 0.4621 0.8145
vn -0.5541 -0.1278 -0.8226
vn 0.6533 -0.6448 -0.3966
vn 0.5078 0.5316 0.6779
vn -0.4468 0.5865 -0.6756
vn 0.5683 -0.7893 -0.2324
vn -0.3026 0.4986 0.8123
vn -0.0063 0.2838 -0.9589
vn -0.0538 -0.9971 -0.0542
vn -0.0135 0.1872 0.9822
vn 0.0014 0.5550 -0.8318
vn 0.0004 -0.9977 -0.0685
vn -0.0011 0.4806 0.8769
vn 0.0019 0.3346 -0.9424
vn 0.0004 -0.9985 -0.0542
vn -0.0012 0.2387 0.9711
vn 0.0705 0.6064 -0.7921
vn 0.0103 -0.9851 -0.1719
vn 0.0200 0.5162 0.8562
vn 0.6393 -0.5960 -0.4859
vn -0.2435 -0.7871 -0.5667
vn 0.3216 0.7381 0.5931
vn 0.0906 -0.6061 0.7902
vn 0.0129 -0.2888 -0.9573
vn 0.0427 0.8122 0.5818
vn -0.0004 -0.8106 0.5856
vn 0.0023 -0.1282 -0.9917
vn 0.0004 0.9866 0.1630
vn -0.0012 -0.5858 0.8105
vn -0.0009 -0.2094 -0.9778
vn -0.0011 0.8574 0.5146
vn -0.1396 -0.7559 0.6397
vn 0.1810 -0.1514 -0.9718
vn -0.0496 0.9666 0.2513
vn -0.5955 -0.5275 0.6059
vn 0.7880 -0.3358 -0.5161
vn -0.4356 0.8141 0.3842
vn -0.5755 -0.8141 0.0776
vn 0.9689 -0.2026 -0.1423
vn -0.2103 0.9769 0.0373
vn -0.6888 -0.5273 -0.4974
vn 0.7923 -0.4090 0.4527
vn -0.4971 0.8085 -0.3150
vn -0.2250 -0.9427 -0.2463
vn 0.6153 -0.1220 0.7788
vn 0.0818 0.9966 -0.0077
vn -0.6483 -0.7614 0.0017
vn 0.9790 -0.2040 0.0008
vn -0.3093 0.9510 0.0024
vn -0.6268 -0.7738 -0.0917
vn 0.9700 -0.2418 -0.0257
vn -0.2783 0.9528 0.1214
vn -0.7099 -0.5308 -0.4629
vn 0.2048 -0.0446 -0.9778
vn 0.8275 0.3621 0.4291
vn -0.5699 -0.3539 0.7416
vn -0.1019 0.9941 -0.0369
vn 0.3951 -0.9106 -0.1215
vn 0.0670 0.0604 0.9959
vn 0.6916 0.6724 -0.2639
vn -0.1760 -0.1770 -0.9683
vn -0.1341 -0.7284 0.6719
vn 0.9961 -0.0841 -0.0259
vn -0.9440 0.1277 -0.3042
vn -0.1343 -0.7292 -0.6710
vn 0.9961 -0.0841 0.0262
vn -0.9437 0.1274 0.3054
vn 0.0605 0.0685 -0.9958
vn 0.6865 0.6854 0.2428
vn -0.1575 -0.1662 0.9734
vn -0.6977 -0.1188 -0.7065
vn -0.0427 0.9987 0.0281
vn 0.1673 -0.9406 0.2956
vn -0.9784 -0.1365 0.1554
vn 0.2529 0.9670 -0.0303
vn 0.4873 -0.8714 -0.0567
vn 0.1307 0.5654 0.8144
vn 0.0145 0.9978 0.0644
vn 0.0065 -1.0000 0.0005
vn 0.9903 -0.1392 0.0027
vn -0.3477 0.9376 0.0080
vn -0.5595 -0.8288 0.0061
vn 0.9935 -0.1139 -0.0060
vn -0.4219 0.9067 -0.0020
vn -0.6590 -0.7522 -0.0027
vn 0.9937 -0.0372 -0.1056
vn 0.9194 0.0156 -0.3930
vn -0.9947 0.0878 0.0540
vn 0.9807 -0.1037 0.1660
vn -0.5010 -0.8543 -0.1382
vn -0.4838 0.8751 0.0103
vn 0.9958 -0.0914 -0.0037
vn -0.6541 -0.7564 -0.0011
vn -0.5329 0.8462 0.0006
vn 0.9994 -0.0304 -0.0190
vn -0.4359 -0.9000 0.0002
vn -0.3627 0.9318 -0.0165
vn 0.9058 -0.2517 0.3409
vn -0.3301 -0.7310 0.5973
vn -0.6643 0.5613 -0.4936
vn 0.6929 -0.6970 0.1843
vn -0.4971 0.4902 0.7160
vn -0.4354 0.4238 -0.7942
vn 0.3876 -0.8881 0.2470
vn 0.6806 0.3629 0.6365
vn -0.7719 0.4273 -0.4707
vn 0.3107 -0.9453 0.0989
vn 0.6508 0.7505 -0.1149
vn -0.9294 0.3662 -0.0448
vn 0.4489 -0.8906 0.0727
vn -0.5833 -0.0366 -0.8114
vn -0.7367 0.6389 -0.2216
vn -0.4618 0.3651 0.8084
vn -0.1885 -0.8957 -0.4027
vn -0.2506 0.9309 0.2658
vn -0.5187 -0.8549 0.0064
vn 0.9963 -0.0855 0.0027
vn -0.3887 0.9213 0.0075
vn -0.5809 -0.8140 -0.0008
vn 0.9972 -0.0753 -0.0016
vn -0.4438 0.8961 -0.0007
vn -0.3653 -0.6312 -0.6842
vn 0.9157 -0.3306 -0.2283
vn -0.6718 0.5710 0.4718
vn -0.4643 0.6036 -0.6482
vn 0.8724 0.4066 -0.2714
vn -0.6878 -0.5994 0.4094
vn 0.8437 0.0806 0.5308
vn 0.9870 0.0213 0.1591
vn -0.9948 -0.0555 -0.0853
vn -0.6925 -0.7120 0.1162
vn 0.9920 0.1258 -0.0042
vn -0.4756 0.8696 -0.1324
vn 0.3330 -0.0000 -0.9429
vn -0.0000 -0.3326 -0.9431
vn -0.5128 0.8103 -0.2836
vn -0.4998 -0.5058 -0.7031
vn -0.4991 -0.8586 -0.1176
vn -0.4237 0.8990 0.1110
vn 0.8724 -0.1534 0.4642
vn 0.9890 -0.1479 -0.0081
vn -0.5700 -0.6194 0.5398
vn -0.4959 0.7478 0.4414
vn 0.7925 -0.1609 -0.5882
vn -0.0907 -0.9769 0.1937
vn -0.0803 0.9930 0.0861
vn 0.5854 0.0440 -0.8096
vn -0.2825 -0.6298 0.7236
vn -0.8219 0.3968 -0.4087
vn 0.9726 -0.2195 0.0769
vn -0.3107 0.5249 0.7924
vn -0.4871 -0.7595 -0.4312
vn 0.8737 0.4840 0.0492
vn -0.7387 0.6060 -0.2951
vn -0.0305 -0.8045 0.5932
vn 0.5749 0.4390 -0.6905
vn -0.9947 -0.1031 0.0055
vn 0.1017 -0.7347 0.6707
vn 0.9718 0.1635 -0.1699
vn -0.8820 0.4709 -0.0190
vn 0.2048 -0.9781 -0.0367
vn 0.7116 0.7025 -0.0095
vn -0.6122 -0.0056 -0.7907
vn -0.1703 -0.9659 0.1952
vn 0.3066 0.9401 0.1489
vn -0.8721 0.2074 -0.4433
vn 0.5006 -0.7050 0.5024
vn 0.5034 0.6511 0.5680
vn 0.2483 -0.3958 0.8841
vn 0.2970 -0.1025 -0.9494
vn 0.2740 0.8982 -0.3437
vn 0.5390 0.5533 0.6351
vn -0.6753 -0.6742 0.2992
vn 0.6868 0.7058 0.1736
vn -0.6921 0.3546 0.6287
vn 0.0019 0.4398 -0.8981
vn 0.9162 0.2602 -0.3048
vn 0.0044 -1.0000 -0.0026
vn -0.8883 0.4593 -0.0070
vn 0.8920 0.4520 -0.0067
vn -0.0824 -0.9966 0.0013
vn -0.8791 0.4611 0.1206
vn 0.8576 0.5041 -0.1020
vn -0.2047 -0.7782 -0.5937
vn -0.5072 0.4895 0.7093
vn 0.7971 0.5627 0.2189
vn -0.1945 -0.7164 -0.6701
vn -0.9332 0.2990 0.1993
vn 0.9797 -0.1928 -0.0541
vn -0.2918 -0.9545 0.0617
vn -0.5471 0.8092 -0.2142
vn 0.9551 0.2184 0.2000
vn 0.1279 -0.9651 -0.2287
vn -0.3054 0.9115 -0.2754
vn 0.5008 0.1854 0.8455
vn 0.0351 -0.8751 -0.4826
vn -0.0217 0.7473 -0.6642
vn 0.0043 -0.1426 0.9898
vn -0.0045 -0.7744 -0.6327
vn -0.0036 0.8590 -0.5120
vn 0.0029 0.1384 0.9904
vn 0.0046 -0.8155 -0.5787
vn -0.2297 0.7617 -0.6059
vn 0.2654 -0.0437 0.9632
vn -0.4654 -0.8804 0.0911
vn -0.5513 0.8236 0.1332
vn 0.9426 0.3154 -0.1098
vn -0.0095 -0.8631 0.5049
vn -0.0089 0.8373 0.5467
vn -0.0026 0.0321 -0.9995
vn -0.0009 -0.8213 0.5705
vn -0.0009 0.8277 0.5612
vn 0.0016 -0.0038 -1.0000
vn 0.0015 -0.8077 0.5897
vn 0.0017 0.8542 0.5200
vn 0.0028 -0.0339 -0.9994
vn 0.5693 -0.6146 0.5461
vn 0.4715 0.7466 0.4694
vn -0.8263 -0.1725 -0.5362
vn 0.5933 -0.7982 -0.1044
vn 0.3577 0.9258 0.1224
vn -0.9722 -0.2331 -0.0237
vn 0.7731 -0.6323 -0.0496
vn 0.1597 0.9871 -0.0087
vn -0.9922 -0.1239 0.0147
vn 0.6914 -0.7153 -0.1015
vn 0.3207 -0.3144 -0.8935
vn -0.6847 0.7241 0.0833
vn 0.5357 -0.8440 -0.0266
vn -0.9927 -0.1191 0.0172
vn 0.1710 0.9850 0.0242
vn 0.6833 -0.5310 0.5012
vn -0.7862 -0.4152 -0.4576
vn 0.4893 0.8044 0.3370
vn -0.6395 -0.3318 0.6935
vn 0.6505 -0.3844 -0.6551
vn -0.2808 0.9042 0.3217
vn 0.2476 -0.5228 -0.8157
vn 0.9484 -0.1270 -0.2906
vn -0.0601 -0.5833 0.8101
vn -0.5307 0.5443 0.6496
vn 0.7309 -0.6765 0.0904
vn 0.5756 -0.5476 0.6073
vn 0.2248 0.3551 -0.9074
vn 0.2382 -0.8945 -0.3783
vn 0.2490 -0.4488 0.8582
vn 0.4931 0.6527 0.5752
vn 0.4927 -0.6974 0.5205
vn -0.8994 -0.2214 -0.3768
vn -0.6582 0.6296 0.4127
vn 0.4625 -0.4932 0.7368
vn -0.2733 0.2495 -0.9290
vn -0.5763 -0.6593 0.4829
vn 0.7354 -0.3640 0.5716
vn -0.3541 0.7862 -0.5064
vn -0.6709 -0.7362 -0.0889
vn 0.9667 -0.2192 0.1323
vn -0.2102 0.9769 -0.0396
vn -0.7016 -0.7126 -0.0015
vn 0.9736 -0.2282 -0.0026
vn -0.2938 0.9559 -0.0009
vn -0.5232 -0.5909 -0.6141
vn 0.8310 -0.3944 -0.3922
vn -0.4583 0.7623 0.4570
vn -0.3166 -0.2457 -0.9162
vn 0.6773 0.7168 -0.1657
vn 0.1468 0.1423 0.9789
vn -0.9941 -0.1089 -0.0008
vn 0.4469 0.8852 -0.1294
vn -0.1460 0.9891 -0.0193
vn -0.2204 0.9323 -0.2867
vn 0.4308 -0.8939 0.1238
vn 0.0843 -0.9961 -0.0270
vn -0.9847 0.1667 0.0510
vn 0.9391 -0.0441 -0.3409
vn 0.0808 -0.5396 0.8380
vn -0.9040 0.2997 -0.3049
vn 0.2725 0.6724 -0.6882
vn 0.3301 -0.6771 0.6577
vn -0.0605 -0.6143 -0.7868
vn 0.2348 0.7945 0.5600
vn -0.0559 -0.8567 0.5127
vn 0.9918 -0.1160 -0.0538
vn -0.4811 0.8757 -0.0413
vn -0.6761 -0.7368 0.0050
vn 0.7477 0.6253 0.2236
vn 0.1692 0.1222 -0.9780
vn -0.7206 -0.6274 -0.2953
vn 0.1586 0.9809 0.1124
vn 0.7751 -0.6257 -0.0882
vn -0.8619 -0.5034 -0.0607
vn 0.3280 0.9281 0.1763
vn 0.7115 -0.2597 0.6530
vn -0.6693 -0.5934 -0.4471
vn 0.6448 0.7305 -0.2252
vn -0.3284 -0.4521 0.8293
vn -0.5936 -0.4556 -0.6634
vn 0.8677 0.4006 -0.2941
vn -0.3459 -0.8407 0.4167
vn -0.3347 0.7617 -0.5547
vn 0.6516 0.5111 -0.5606
vn -0.4854 -0.8648 0.1284
vn -0.5448 0.3852 0.7449
vn -0.1872 0.9690 -0.1615
vn 0.2325 -0.9724 0.0183
vn 0.9892 -0.0395 0.1410
vn -0.6498 0.4839 0.5861
vn -0.5684 -0.8197 -0.0710
vn 0.7536 0.5429 -0.3705
vn -0.7732 -0.2413 0.5864
vn -0.1399 0.2528 -0.9573
vn 0.8416 0.4903 -0.2268
vn -0.1693 -0.9503 0.2613
vn -0.7519 0.0354 0.6584
vn 0.4504 0.7400 -0.4996
vn -0.0017 -0.9675 0.2528
vn -0.0020 0.6451 0.7641
vn 0.0007 0.2574 -0.9663
vn 0.3353 -0.8872 0.3169
vn 0.6520 0.3674 0.6633
vn -0.6845 0.5021 -0.5285
vn 0.0303 -0.8432 0.5368
vn 0.7259 0.5373 -0.4295
vn -0.6477 0.5186 -0.5582
vn -0.3309 -0.3533 0.8750
vn 0.5354 0.6782 -0.5034
vn -0.6184 -0.5352 -0.5755
vn 0.3680 -0.3811 0.8482
vn -0.6063 0.6329 -0.4814
vn 0.5694 -0.5415 -0.6184
vn 0.3417 0.3403 0.8760
vn -0.6195 -0.5493 -0.5608
vn 0.5557 0.6030 -0.5724
vn 0.0021 0.1248 0.9922
vn 0.0015 -0.9184 -0.3957
vn 0.0026 0.6887 -0.7250
vn -0.0023 0.1003 0.9950
vn -0.0002 -0.8998 -0.4364
vn 0.0002 0.7385 -0.6742
vn 0.5623 0.1405 0.8149
vn -0.3214 -0.8016 -0.5041
vn -0.4108 0.6073 -0.6801
vn 0.4325 0.3533 0.8296
vn -0.1218 -0.6787 -0.7243
vn -0.7187 0.6823 0.1340
vn 0.3656 -0.5657 0.7392
vn 0.4104 0.7716 -0.4860
vn -0.8803 -0.4594 0.1183
vn 0.6973 -0.5872 -0.4112
vn 0.1521 0.8742 0.4612
vn -0.6338 -0.4238 -0.6471
vn 0.7205 0.5648 -0.4023
vn 0.2200 0.2854 0.9328
vn -0.3552 -0.5785 -0.7343
vn 0.0854 0.9133 -0.3983
vn -0.7175 0.1084 0.6881
vn -0.0039 -0.9991 0.0414
vn 0.6808 -0.6282 0.3766
vn -0.7214 -0.1226 -0.6816
vn -0.9320 -0.0096 -0.3622
vn -0.0437 0.1494 -0.9878
vn 0.2997 0.6233 0.7223
vn 0.7184 -0.2322 0.6557
vn -0.7530 -0.0923 -0.6515
vn 0.6052 0.6449 0.4668
vn 0.4320 -0.7452 0.5080
vn 0.0020 -0.2256 -0.9742
vn 0.0002 0.9583 0.2859
vn -0.0003 -0.6612 0.7502
vn -0.6844 -0.2180 -0.6958
vn -0.2655 0.9636 -0.0328
vn 0.4264 -0.8343 0.3494
vn -0.6296 -0.4421 0.6388
vn -0.2901 0.8917 0.3474
vn 0.5534 -0.7185 -0.4212
vn -0.3332 -0.2551 0.9077
vn 0.6845 0.7141 0.1470
vn 0.1616 0.1046 -0.9813
vn -0.6827 -0.4942 0.5382
vn 0.6970 -0.5489 0.4613
vn -0.1438 0.8279 -0.5421
vn -0.5130 -0.5679 0.6436
vn 0.5221 -0.3521 -0.7768
vn 0.1973 0.8515 -0.4859
vn -0.0021 -0.0320 0.9995
vn -0.0232 -0.9239 -0.3819
vn 0.0244 0.9553 -0.2947
vn 0.6666 0.0682 0.7423
vn -0.4377 -0.6517 -0.6194
vn -0.3973 0.6876 -0.6078
vn 0.9608 -0.2615 0.0918
vn -0.0645 -0.7278 0.6827
vn -0.6831 0.5667 -0.4607
vn 0.6236 -0.5780 -0.5263
vn -0.4331 0.3067 0.8475
vn -0.5051 0.6125 -0.6081
vn -0.4664 -0.5412 -0.6997
vn 0.3018 0.2892 0.9084
vn 0.6154 0.5978 -0.5137
vn -0.9864 -0.1383 -0.0885
vn 0.0721 -0.6950 0.7154
vn 0.9043 0.3043 -0.2994
vn -0.6417 0.1200 -0.7575
vn -0.0201 -0.9958 0.0896
vn 0.1832 0.9510 0.2489
vn 0.0022 0.1745 -0.9847
vn -0.0006 -0.9506 0.3106
vn 0.0001 0.6854 0.7281
vn 0.7286 0.6847 0.0162
vn -0.5293 -0.3650 -0.7659
vn -0.4521 0.5871 -0.6715
vn 0.8354 0.4362 -0.3344
vn -0.3806 -0.5638 0.7329
vn -0.1615 -0.9092 0.3838
vn -0.8334 0.0723 0.5480
vn 0.8115 -0.0189 0.5841
vn -0.0251 -0.5151 -0.8568
vn -0.8715 -0.4904 -0.0023
vn 0.7883 -0.6149 -0.0223
vn 0.1093 0.9938 -0.0226
vn -0.9958 0.0785 -0.0481
vn 0.9535 -0.1217 0.2758
vn 0.1200 0.7763 -0.6188
vn -0.9301 -0.3660 0.0320
vn 0.6873 0.6008 0.4082
vn 0.1367 -0.5857 -0.7990
vn -0.8696 -0.2647 -0.4168
vn 0.4462 0.8585 0.2527
vn 0.7692 -0.3661 0.5237
vn 0.0265 0.9996 0.0106
vn -0.8704 -0.4768 -0.1232
vn -0.7068 -0.7068 -0.0312
vn 0.7045 0.7045 0.0860
vn 0.8629 -0.4861 0.1385
vn -0.6261 -0.6261 0.4648
vn -0.4768 -0.8704 -0.1232
vn 0.9996 0.0265 0.0106
vn -0.4861 0.8629 0.1385
vn -0.0000 0.3330 -0.9429
vn -0.0000 1.0000 -0.0000
vn -0.0000 -0.4155 -0.9096
vn -0.0000 -0.4155 0.9096
vn 1.0000 -0.0000 -0.0000
vn -1.0000 -0.0000 -0.0000
vn 0.0340 0.9778 -0.2069
vn 0.5311 0.5579 -0.6377
vn -0.0340 0.9778 -0.2069
vn -0.5311 0.7424 0.4084
vn -0.0340 0.9896 -0.1400
vn 0.0340 0.9896 -0.1400
vn 0.8762 -0.4746 0.0837
vn -0.0000 0.8886 -0.4587
vn 0.9726 0.2290 -0.0404
vn -0.9991 0.0414 -0.0073
vn -0.4300 -0.8226 -0.3720
vn -0.9882 -0.1508 0.0264
vn 0.4300 -0.6458 0.6309
vn 0.5311 0.7424 0.4084
vn -0.4217 -0.8637 -0.2759
vn -0.5311 0.5580 -0.6377
vn 0.4217 -0.7173 0.5547
vn 0.4217 -0.8637 -0.2759
vn -0.4217 -0.7173 0.5547
vn -0.0000 0.9658 0.2593
vn -0.6083 -0.2045 0.7669
vn 0.6083 -0.4545 -0.6507
vn -0.7071 -0.1228 -0.6964
vn 0.7071 -0.1228 -0.6964
vn -0.7071 0.1228 0.6964
vn 0.7071 0.1228 0.6964
vn 0.6083 -0.4544 -0.6507
vn -0.9882 -0.1508 0.0265
vt 0.429562 0.903110
vt 0.429562 0.945768
vt 0.400659 0.945768
vt 0.400659 0.903110
vt 0.444013 0.903110
vt 0.444013 0.988425
vt 0.429562 0.988425
vt 0.487367 0.860453
vt 0.487367 0.903110
vt 0.458464 0.903110
vt 0.458464 0.860453
vt 0.472915 0.903110
vt 0.472915 0.988425
vt 0.458464 0.988425
vt 0.458464 0.903110
vt 0.458464 0.860453
vt 0.429562 0.903110
vt 0.429562 0.860453
vt 0.559623 0.860453
vt 0.559623 0.945768
vt 0.545171 0.945768
vt 0.545171 0.860453
vt 0.400659 0.903110
vt 0.371757 0.945768
vt 0.371757 0.903110
vt 0.574074 0.860453
vt 0.574074 0.945768
vt 0.559623 0.945768
vt 0.559623 0.860453
vt 0.985862 0.913518
vt 0.985862 0.914155
vt 0.981099 0.914155
vt 0.981099 0.913518
vt 0.985862 0.914792
vt 0.981099 0.914792
vt 0.985862 0.915429
vt 0.981099 0.915429
vt 0.979978 0.914155
vt 0.979978 0.913518
vt 0.979978 0.914792
vt 0.979978 0.915429
vt 0.975079 0.914155
vt 0.975079 0.913518
vt 0.975079 0.914792
vt 0.975079 0.915429
vt 0.970186 0.914155
vt 0.970186 0.913518
vt 0.970186 0.914792
vt 0.970186 0.915429
vt 0.965294 0.914155
vt 0.965294 0.913518
vt 0.965294 0.914792
vt 0.965294 0.915429
vt 0.960394 0.914155
vt 0.960394 0.913518
vt 0.960394 0.914792
vt 0.960394 0.915429
vt 0.957392 0.914155
vt 0.957392 0.913518
vt 0.957392 0.914792
vt 0.957392 0.915429
vt 0.954391 0.914155
vt 0.954391 0.913518
vt 0.954391 0.914792
vt 0.954391 0.915429
vt 0.951389 0.914155
vt 0.951389 0.913518
vt 0.951389 0.914792
vt 0.951389 0.915429
vt 0.948387 0.914155
vt 0.948387 0.913518
vt 0.948387 0.914792
vt 0.948387 0.915429
vt 0.944991 0.914155
vt 0.944991 0.913518
vt 0.944991 0.914792
vt 0.944991 0.915429
vt 0.940271 0.914155
vt 0.940271 0.913518
vt 0.940271 0.914792
vt 0.940271 0.915429
vt 0.935601 0.914155
vt 0.935601 0.913518
vt 0.935601 0.914792
vt 0.935601 0.915429
vt 0.931068 0.914155
vt 0.931068 0.913518
vt 0.931068 0.914792
vt 0.931068 0.915429
vt 0.929946 0.914155
vt 0.929946 0.913518
vt 0.929946 0.914792
vt 0.929946 0.915429
vt 0.928626 0.914155
vt 0.928626 0.913518
vt 0.928626 0.914792
vt 0.928626 0.915429
vt 0.927505 0.914155
vt 0.927505 0.913518
vt 0.927505 0.914792
vt 0.927505 0.915429
vt 0.926185 0.914155
vt 0.926185 0.913518
vt 0.926185 0.914792
vt 0.926185 0.915429
vt 0.921465 0.914155
vt 0.921465 0.913518
vt 0.921465 0.914792
vt 0.921465 0.915429
vt 0.916795 0.914155
vt 0.916795 0.913518
vt 0.916795 0.914792
vt 0.916795 0.915429
vt 0.912125 0.914155
vt 0.912125 0.913518
vt 0.912125 0.914792
vt 0.912125 0.915429
vt 0.907456 0.914155
vt 0.907456 0.913518
vt 0.907456 0.914792
vt 0.907456 0.915429
vt 0.902786 0.914155
vt 0.902786 0.913518
vt 0.902786 0.914792
vt 0.902786 0.915429
vt 0.898116 0.914155
vt 0.898116 0.913518
vt 0.898116 0.914792
vt 0.898116 0.915429
vt 0.893394 0.914155
vt 0.893394 0.913518
vt 0.893394 0.914792
vt 0.893394 0.915429
vt 0.888673 0.914155
vt 0.888673 0.913518
vt 0.888673 0.914792
vt 0.888673 0.915429
vt 0.883951 0.914155
vt 0.883951 0.913518
vt 0.883951 0.914792
vt 0.883951 0.915429
vt 0.879231 0.914155
vt 0.879231 0.913518
vt 0.879231 0.914792
vt 0.879231 0.915429
vt 0.875571 0.914155
vt 0.875571 0.913518
vt 0.875571 0.914792
vt 0.875571 0.915429
vt 0.873356 0.914155
vt 0.873356 0.913518
vt 0.873356 0.914792
vt 0.873356 0.915429
vt 0.870358 0.914155
vt 0.870358 0.913518
vt 0.870358 0.914792
vt 0.870358 0.915429
vt 0.867360 0.914155
vt 0.867360 0.913518
vt 0.867360 0.914792
vt 0.867360 0.915429
vt 0.864362 0.914155
vt 0.864362 0.913518
vt 0.864362 0.914792
vt 0.864362 0.915429
vt 0.861364 0.914155
vt 0.861364 0.913518
vt 0.861364 0.914792
vt 0.861364 0.915429
vt 0.856472 0.914155
vt 0.856472 0.913518
vt 0.856472 0.914792
vt 0.856472 0.915429
vt 0.855351 0.914155
vt 0.855351 0.913518
vt 0.855351 0.914792
vt 0.855351 0.915429
vt 0.854229 0.914155
vt 0.854229 0.913518
vt 0.854229 0.914792
vt 0.854229 0.915429
vt 0.849330 0.914155
vt 0.849330 0.913518
vt 0.849330 0.914792
vt 0.849330 0.915429
vt 0.846339 0.914155
vt 0.846339 0.913518
vt 0.846339 0.914792
vt 0.846339 0.915429
vt 0.843327 0.914155
vt 0.843327 0.913518
vt 0.843327 0.914792
vt 0.843327 0.915429
vt 0.840343 0.914155
vt 0.840343 0.913518
vt 0.840343 0.914792
vt 0.840343 0.915429
vt 0.837323 0.914155
vt 0.837323 0.913518
vt 0.837323 0.914792
vt 0.837323 0.915429
vt 0.835129 0.914155
vt 0.835129 0.913518
vt 0.835129 0.914792
vt 0.835129 0.915429
vt 0.833219 0.914155
vt 0.833219 0.913518
vt 0.833219 0.914792
vt 0.833219 0.915429
vt 0.830221 0.914155
vt 0.830221 0.913518
vt 0.830221 0.914792
vt 0.830221 0.915429
vt 0.827202 0.914155
vt 0.827202 0.913518
vt 0.827202 0.914792
vt 0.827202 0.915429
vt 0.824417 0.914155
vt 0.824417 0.913518
vt 0.824417 0.914792
vt 0.824417 0.915429
vt 0.821415 0.914155
vt 0.821415 0.913518
vt 0.821415 0.914792
vt 0.821415 0.915429
vt 0.820294 0.914155
vt 0.820294 0.913518
vt 0.820294 0.914792
vt 0.820294 0.915429
vt 0.819173 0.914155
vt 0.819173 0.913518
vt 0.819173 0.914792
vt 0.819173 0.915429
vt 0.818052 0.914155
vt 0.818052 0.913518
vt 0.818052 0.914792
vt 0.818052 0.915429
vt 0.816930 0.914155
vt 0.816930 0.913518
vt 0.816930 0.914792
vt 0.816930 0.915429
vt 0.814146 0.914155
vt 0.814146 0.913518
vt 0.814146 0.914792
vt 0.814146 0.915429
vt 0.811361 0.914155
vt 0.811361 0.913518
vt 0.811361 0.914792
vt 0.811361 0.915429
vt 0.808155 0.914155
vt 0.808155 0.913518
vt 0.808155 0.914792
vt 0.808155 0.915429
vt 0.803485 0.914155
vt 0.803485 0.913518
vt 0.803485 0.914792
vt 0.803485 0.915429
vt 0.798816 0.914155
vt 0.798816 0.913518
vt 0.798816 0.914792
vt 0.798816 0.915429
vt 0.794146 0.914155
vt 0.794146 0.913518
vt 0.794146 0.914792
vt 0.794146 0.915429
vt 0.789476 0.914155
vt 0.789476 0.913518
vt 0.789476 0.914792
vt 0.789476 0.915429
vt 0.784806 0.914155
vt 0.784806 0.913518
vt 0.784806 0.914792
vt 0.784806 0.915429
vt 0.780084 0.914155
vt 0.780084 0.913518
vt 0.780084 0.914792
vt 0.780084 0.915429
vt 0.778962 0.914155
vt 0.778962 0.913518
vt 0.778962 0.914792
vt 0.778962 0.915429
vt 0.777642 0.914155
vt 0.777642 0.913518
vt 0.777642 0.914792
vt 0.777642 0.915429
vt 0.773109 0.914155
vt 0.773109 0.913518
vt 0.773109 0.914792
vt 0.773109 0.915429
vt 0.769691 0.914155
vt 0.769691 0.913518
vt 0.769691 0.914792
vt 0.769691 0.915429
vt 0.766910 0.914155
vt 0.766910 0.913518
vt 0.766910 0.914792
vt 0.766910 0.915429
vt 0.763912 0.914155
vt 0.763912 0.913518
vt 0.763912 0.914792
vt 0.763912 0.915429
vt 0.760914 0.914155
vt 0.760914 0.913518
vt 0.760914 0.914792
vt 0.760914 0.915429
vt 0.757916 0.914155
vt 0.757916 0.913518
vt 0.757916 0.914792
vt 0.757916 0.915429
vt 0.756795 0.914155
vt 0.756795 0.913518
vt 0.756795 0.914792
vt 0.756795 0.915429
vt 0.755674 0.914155
vt 0.755674 0.913518
vt 0.755674 0.914792
vt 0.755674 0.915429
vt 0.752893 0.914155
vt 0.752893 0.913518
vt 0.752893 0.914792
vt 0.752893 0.915429
vt 0.750113 0.914155
vt 0.750113 0.913518
vt 0.750113 0.914792
vt 0.750113 0.915429
vt 0.745351 0.914155
vt 0.745351 0.913518
vt 0.745351 0.914792
vt 0.745351 0.915429
vt 0.744230 0.914155
vt 0.744230 0.913518
vt 0.744230 0.914792
vt 0.744230 0.915429
vt 0.743108 0.914155
vt 0.743108 0.913518
vt 0.743108 0.914792
vt 0.743108 0.915429
vt 0.738346 0.914155
vt 0.738346 0.913518
vt 0.738346 0.914792
vt 0.738346 0.915429
vt 0.735348 0.914155
vt 0.735348 0.913518
vt 0.735348 0.914792
vt 0.735348 0.915429
vt 0.732350 0.914155
vt 0.732350 0.913518
vt 0.732350 0.914792
vt 0.732350 0.915429
vt 0.731229 0.914155
vt 0.731229 0.913518
vt 0.731229 0.914792
vt 0.731229 0.915429
vt 0.728449 0.914155
vt 0.728449 0.913518
vt 0.728449 0.914792
vt 0.728449 0.915429
vt 0.725451 0.914155
vt 0.725451 0.913518
vt 0.725451 0.914792
vt 0.725451 0.915429
vt 0.722453 0.914155
vt 0.722453 0.913518
vt 0.722453 0.914792
vt 0.722453 0.915429
vt 0.719455 0.914155
vt 0.719455 0.913518
vt 0.719455 0.914792
vt 0.719455 0.915429
vt 0.716457 0.914155
vt 0.716457 0.913518
vt 0.716457 0.914792
vt 0.716457 0.915429
vt 0.713459 0.914155
vt 0.713459 0.913518
vt 0.713459 0.914792
vt 0.713459 0.915429
vt 0.712337 0.914155
vt 0.712337 0.913518
vt 0.712337 0.914792
vt 0.712337 0.915429
vt 0.709340 0.914155
vt 0.709340 0.913518
vt 0.709340 0.914792
vt 0.709340 0.915429
vt 0.706559 0.914155
vt 0.706559 0.913518
vt 0.706559 0.914792
vt 0.706559 0.915429
vt 0.701667 0.914155
vt 0.701667 0.913518
vt 0.701667 0.914792
vt 0.701667 0.915429
vt 0.696904 0.914155
vt 0.696904 0.913518
vt 0.696904 0.914792
vt 0.696904 0.915429
vt 0.692012 0.914155
vt 0.692012 0.913518
vt 0.692012 0.914792
vt 0.692012 0.915429
vt 0.690891 0.914155
vt 0.690891 0.913518
vt 0.690891 0.914792
vt 0.690891 0.915429
vt 0.689770 0.914155
vt 0.689770 0.913518
vt 0.689770 0.914792
vt 0.689770 0.915429
vt 0.684877 0.914155
vt 0.684877 0.913518
vt 0.684877 0.914792
vt 0.684877 0.915429
vt 0.681879 0.914155
vt 0.681879 0.913518
vt 0.681879 0.914792
vt 0.681879 0.915429
vt 0.678881 0.914155
vt 0.678881 0.913518
vt 0.678881 0.914792
vt 0.678881 0.915429
vt 0.673989 0.914155
vt 0.673989 0.913518
vt 0.673989 0.914792
vt 0.673989 0.915429
vt 0.980969 0.914155
vt 0.980969 0.913518
vt 0.980969 0.914792
vt 0.980969 0.915429
vt 0.976207 0.914155
vt 0.976207 0.913518
vt 0.976207 0.914792
vt 0.976207 0.915429
vt 0.971314 0.914155
vt 0.971314 0.913518
vt 0.971314 0.914792
vt 0.971314 0.915429
vt 0.970193 0.914155
vt 0.970193 0.913518
vt 0.970193 0.914792
vt 0.970193 0.915429
vt 0.969072 0.914155
vt 0.969072 0.913518
vt 0.969072 0.914792
vt 0.969072 0.915429
vt 0.967950 0.914155
vt 0.967950 0.913518
vt 0.967950 0.914792
vt 0.967950 0.915429
vt 0.966829 0.914155
vt 0.966829 0.913518
vt 0.966829 0.914792
vt 0.966829 0.915429
vt 0.963831 0.914155
vt 0.963831 0.913518
vt 0.963831 0.914792
vt 0.963831 0.915429
vt 0.962710 0.914155
vt 0.962710 0.913518
vt 0.962710 0.914792
vt 0.962710 0.915429
vt 0.959712 0.914155
vt 0.959712 0.913518
vt 0.959712 0.914792
vt 0.959712 0.915429
vt 0.956714 0.914155
vt 0.956714 0.913518
vt 0.956714 0.914792
vt 0.956714 0.915429
vt 0.953934 0.914155
vt 0.953934 0.913518
vt 0.953934 0.914792
vt 0.953934 0.915429
vt 0.951153 0.914155
vt 0.951153 0.913518
vt 0.951153 0.914792
vt 0.951153 0.915429
vt 0.950032 0.914155
vt 0.950032 0.913518
vt 0.950032 0.914792
vt 0.950032 0.915429
vt 0.947034 0.914155
vt 0.947034 0.913518
vt 0.947034 0.914792
vt 0.947034 0.915429
vt 0.945125 0.914155
vt 0.945125 0.913518
vt 0.945125 0.914792
vt 0.945125 0.915429
vt 0.944003 0.914155
vt 0.944003 0.913518
vt 0.944003 0.914792
vt 0.944003 0.915429
vt 0.942271 0.914155
vt 0.942271 0.913518
vt 0.942271 0.914792
vt 0.942271 0.915429
vt 0.938853 0.914155
vt 0.938853 0.913518
vt 0.938853 0.914792
vt 0.938853 0.915429
vt 0.936638 0.914155
vt 0.936638 0.913518
vt 0.936638 0.914792
vt 0.936638 0.915429
vt 0.934906 0.914155
vt 0.934906 0.913518
vt 0.934906 0.914792
vt 0.934906 0.915429
vt 0.931488 0.914155
vt 0.931488 0.913518
vt 0.931488 0.914792
vt 0.931488 0.915429
vt 0.928258 0.914155
vt 0.928258 0.913518
vt 0.928258 0.914792
vt 0.928258 0.915429
vt 0.927137 0.914155
vt 0.927137 0.913518
vt 0.927137 0.914792
vt 0.927137 0.915429
vt 0.923718 0.914155
vt 0.923718 0.913518
vt 0.923718 0.914792
vt 0.923718 0.915429
vt 0.921504 0.914155
vt 0.921504 0.913518
vt 0.921504 0.914792
vt 0.921504 0.915429
vt 0.917847 0.914155
vt 0.917847 0.913518
vt 0.917847 0.914792
vt 0.917847 0.915429
vt 0.913125 0.914155
vt 0.913125 0.913518
vt 0.913125 0.914792
vt 0.913125 0.915429
vt 0.908404 0.914155
vt 0.908404 0.913518
vt 0.908404 0.914792
vt 0.908404 0.915429
vt 0.903682 0.914155
vt 0.903682 0.913518
vt 0.903682 0.914792
vt 0.903682 0.915429
vt 0.900090 0.914155
vt 0.900090 0.913518
vt 0.900090 0.914792
vt 0.900090 0.915429
vt 0.897896 0.914155
vt 0.897896 0.913518
vt 0.897896 0.914792
vt 0.897896 0.915429
vt 0.894690 0.914155
vt 0.894690 0.913518
vt 0.894690 0.914792
vt 0.894690 0.915429
vt 0.892958 0.914155
vt 0.892958 0.913518
vt 0.892958 0.914792
vt 0.892958 0.915429
vt 0.891837 0.914155
vt 0.891837 0.913518
vt 0.891837 0.914792
vt 0.891837 0.915429
vt 0.888246 0.914155
vt 0.888246 0.913518
vt 0.888246 0.914792
vt 0.888246 0.915429
vt 0.883576 0.914155
vt 0.883576 0.913518
vt 0.883576 0.914792
vt 0.883576 0.915429
vt 0.878906 0.914155
vt 0.878906 0.913518
vt 0.878906 0.914792
vt 0.878906 0.915429
vt 0.874236 0.914155
vt 0.874236 0.913518
vt 0.874236 0.914792
vt 0.874236 0.915429
vt 0.870645 0.914155
vt 0.870645 0.913518
vt 0.870645 0.914792
vt 0.870645 0.915429
vt 0.866988 0.914155
vt 0.866988 0.913518
vt 0.866988 0.914792
vt 0.866988 0.915429
vt 0.862266 0.914155
vt 0.862266 0.913518
vt 0.862266 0.914792
vt 0.862266 0.915429
vt 0.857546 0.914155
vt 0.857546 0.913518
vt 0.857546 0.914792
vt 0.857546 0.915429
vt 0.852823 0.914155
vt 0.852823 0.913518
vt 0.852823 0.914792
vt 0.852823 0.915429
vt 0.849411 0.914155
vt 0.849411 0.913518
vt 0.849411 0.914792
vt 0.849411 0.915429
vt 0.847502 0.914155
vt 0.847502 0.913518
vt 0.847502 0.914792
vt 0.847502 0.915429
vt 0.844522 0.914155
vt 0.844522 0.913518
vt 0.844522 0.914792
vt 0.844522 0.915429
vt 0.843400 0.914155
vt 0.843400 0.913518
vt 0.843400 0.914792
vt 0.843400 0.915429
vt 0.840620 0.914155
vt 0.840620 0.913518
vt 0.840620 0.914792
vt 0.840620 0.915429
vt 0.837839 0.914155
vt 0.837839 0.913518
vt 0.837839 0.914792
vt 0.837839 0.915429
vt 0.834841 0.914155
vt 0.834841 0.913518
vt 0.834841 0.914792
vt 0.834841 0.915429
vt 0.831833 0.914155
vt 0.831833 0.913518
vt 0.831833 0.914792
vt 0.831833 0.915429
vt 0.830712 0.914155
vt 0.830712 0.913518
vt 0.830712 0.914792
vt 0.830712 0.915429
vt 0.829591 0.914155
vt 0.829591 0.913518
vt 0.829591 0.914792
vt 0.829591 0.915429
vt 0.826810 0.914155
vt 0.826810 0.913518
vt 0.826810 0.914792
vt 0.826810 0.915429
vt 0.825689 0.914155
vt 0.825689 0.913518
vt 0.825689 0.914792
vt 0.825689 0.915429
vt 0.824568 0.914155
vt 0.824568 0.913518
vt 0.824568 0.914792
vt 0.824568 0.915429
vt 0.821783 0.914155
vt 0.821783 0.913518
vt 0.821783 0.914792
vt 0.821783 0.915429
vt 0.818796 0.914155
vt 0.818796 0.913518
vt 0.818796 0.914792
vt 0.818796 0.915429
vt 0.816015 0.914155
vt 0.816015 0.913518
vt 0.816015 0.914792
vt 0.816015 0.915429
vt 0.813235 0.914155
vt 0.813235 0.913518
vt 0.813235 0.914792
vt 0.813235 0.915429
vt 0.808472 0.914155
vt 0.808472 0.913518
vt 0.808472 0.914792
vt 0.808472 0.915429
vt 0.803580 0.914155
vt 0.803580 0.913518
vt 0.803580 0.914792
vt 0.803580 0.915429
vt 0.800572 0.914155
vt 0.800572 0.913518
vt 0.800572 0.914792
vt 0.800572 0.915429
vt 0.797584 0.914155
vt 0.797584 0.913518
vt 0.797584 0.914792
vt 0.797584 0.915429
vt 0.794568 0.914155
vt 0.794568 0.913518
vt 0.794568 0.914792
vt 0.794568 0.915429
vt 0.793447 0.914155
vt 0.793447 0.913518
vt 0.793447 0.914792
vt 0.793447 0.915429
vt 0.792325 0.914155
vt 0.792325 0.913518
vt 0.792325 0.914792
vt 0.792325 0.915429
vt 0.789545 0.914155
vt 0.789545 0.913518
vt 0.789545 0.914792
vt 0.789545 0.915429
vt 0.786547 0.914155
vt 0.786547 0.913518
vt 0.786547 0.914792
vt 0.786547 0.915429
vt 0.783535 0.914155
vt 0.783535 0.913518
vt 0.783535 0.914792
vt 0.783535 0.915429
vt 0.780750 0.914155
vt 0.780750 0.913518
vt 0.780750 0.914792
vt 0.780750 0.915429
vt 0.777966 0.914155
vt 0.777966 0.913518
vt 0.777966 0.914792
vt 0.777966 0.915429
vt 0.773197 0.914155
vt 0.773197 0.913518
vt 0.773197 0.914792
vt 0.773197 0.915429
vt 0.772075 0.914155
vt 0.772075 0.913518
vt 0.772075 0.914792
vt 0.772075 0.915429
vt 0.767306 0.914155
vt 0.767306 0.913518
vt 0.767306 0.914792
vt 0.767306 0.915429
vt 0.762407 0.914155
vt 0.762407 0.913518
vt 0.762407 0.914792
vt 0.762407 0.915429
vt 0.982864 0.914155
vt 0.982864 0.913518
vt 0.982864 0.914792
vt 0.982864 0.915429
vt 0.980083 0.914155
vt 0.980083 0.913518
vt 0.980083 0.914792
vt 0.980083 0.915429
vt 0.978962 0.914155
vt 0.978962 0.913518
vt 0.978962 0.914792
vt 0.978962 0.915429
vt 0.976182 0.914155
vt 0.976182 0.913518
vt 0.976182 0.914792
vt 0.976182 0.915429
vt 0.975060 0.914155
vt 0.975060 0.913518
vt 0.975060 0.914792
vt 0.975060 0.915429
vt 0.972062 0.914155
vt 0.972062 0.913518
vt 0.972062 0.914792
vt 0.972062 0.915429
vt 0.970941 0.914155
vt 0.970941 0.913518
vt 0.970941 0.914792
vt 0.970941 0.915429
vt 0.967943 0.914155
vt 0.967943 0.913518
vt 0.967943 0.914792
vt 0.967943 0.915429
vt 0.964945 0.914155
vt 0.964945 0.913518
vt 0.964945 0.914792
vt 0.964945 0.915429
vt 0.963824 0.914155
vt 0.963824 0.913518
vt 0.963824 0.914792
vt 0.963824 0.915429
vt 0.961043 0.914155
vt 0.961043 0.913518
vt 0.961043 0.914792
vt 0.961043 0.915429
vt 0.958046 0.914155
vt 0.958046 0.913518
vt 0.958046 0.914792
vt 0.958046 0.915429
vt 0.955048 0.914155
vt 0.955048 0.913518
vt 0.955048 0.914792
vt 0.955048 0.915429
vt 0.952267 0.914155
vt 0.952267 0.913518
vt 0.952267 0.914792
vt 0.952267 0.915429
vt 0.949487 0.914155
vt 0.949487 0.913518
vt 0.949487 0.914792
vt 0.949487 0.915429
vt 0.946489 0.914155
vt 0.946489 0.913518
vt 0.946489 0.914792
vt 0.946489 0.915429
vt 0.945368 0.914155
vt 0.945368 0.913518
vt 0.945368 0.914792
vt 0.945368 0.915429
vt 0.942370 0.914155
vt 0.942370 0.913518
vt 0.942370 0.914792
vt 0.942370 0.915429
vt 0.940155 0.914155
vt 0.940155 0.913518
vt 0.940155 0.914792
vt 0.940155 0.915429
vt 0.936564 0.914155
vt 0.936564 0.913518
vt 0.936564 0.914792
vt 0.936564 0.915429
vt 0.931894 0.914155
vt 0.931894 0.913518
vt 0.931894 0.914792
vt 0.931894 0.915429
vt 0.927224 0.914155
vt 0.927224 0.913518
vt 0.927224 0.914792
vt 0.927224 0.915429
vt 0.922504 0.914155
vt 0.922504 0.913518
vt 0.922504 0.914792
vt 0.922504 0.915429
vt 0.917971 0.914155
vt 0.917971 0.913518
vt 0.917971 0.914792
vt 0.917971 0.915429
vt 0.913438 0.914155
vt 0.913438 0.913518
vt 0.913438 0.914792
vt 0.913438 0.915429
vt 0.908905 0.914155
vt 0.908905 0.913518
vt 0.908905 0.914792
vt 0.908905 0.915429
vt 0.904372 0.914155
vt 0.904372 0.913518
vt 0.904372 0.914792
vt 0.904372 0.915429
vt 0.901142 0.914155
vt 0.901142 0.913518
vt 0.901142 0.914792
vt 0.901142 0.915429
vt 0.898144 0.914155
vt 0.898144 0.913518
vt 0.898144 0.914792
vt 0.898144 0.915429
vt 0.895146 0.914155
vt 0.895146 0.913518
vt 0.895146 0.914792
vt 0.895146 0.915429
vt 0.892148 0.914155
vt 0.892148 0.913518
vt 0.892148 0.914792
vt 0.892148 0.915429
vt 0.889151 0.914155
vt 0.889151 0.913518
vt 0.889151 0.914792
vt 0.889151 0.915429
vt 0.888029 0.914155
vt 0.888029 0.913518
vt 0.888029 0.914792
vt 0.888029 0.915429
vt 0.885249 0.914155
vt 0.885249 0.913518
vt 0.885249 0.914792
vt 0.885249 0.915429
vt 0.882251 0.914155
vt 0.882251 0.913518
vt 0.882251 0.914792
vt 0.882251 0.915429
vt 0.879253 0.914155
vt 0.879253 0.913518
vt 0.879253 0.914792
vt 0.879253 0.915429
vt 0.876473 0.914155
vt 0.876473 0.913518
vt 0.876473 0.914792
vt 0.876473 0.915429
vt 0.875351 0.914155
vt 0.875351 0.913518
vt 0.875351 0.914792
vt 0.875351 0.915429
vt 0.874230 0.914155
vt 0.874230 0.913518
vt 0.874230 0.914792
vt 0.874230 0.915429
vt 0.871232 0.914155
vt 0.871232 0.913518
vt 0.871232 0.914792
vt 0.871232 0.915429
vt 0.868452 0.914155
vt 0.868452 0.913518
vt 0.868452 0.914792
vt 0.868452 0.915429
vt 0.865671 0.914155
vt 0.865671 0.913518
vt 0.865671 0.914792
vt 0.865671 0.915429
vt 0.864550 0.914155
vt 0.864550 0.913518
vt 0.864550 0.914792
vt 0.864550 0.915429
vt 0.863429 0.914155
vt 0.863429 0.913518
vt 0.863429 0.914792
vt 0.863429 0.915429
vt 0.983077 0.914155
vt 0.983077 0.913518
vt 0.983077 0.914792
vt 0.983077 0.915429
vt 0.980093 0.914155
vt 0.980093 0.913518
vt 0.980093 0.914792
vt 0.980093 0.915429
vt 0.978972 0.914155
vt 0.978972 0.913518
vt 0.978972 0.914792
vt 0.978972 0.915429
vt 0.976192 0.914155
vt 0.976192 0.913518
vt 0.976192 0.914792
vt 0.976192 0.915429
vt 0.973212 0.914155
vt 0.973212 0.913518
vt 0.973212 0.914792
vt 0.973212 0.915429
vt 0.970196 0.914155
vt 0.970196 0.913518
vt 0.970196 0.914792
vt 0.970196 0.915429
vt 0.967198 0.914155
vt 0.967198 0.913518
vt 0.967198 0.914792
vt 0.967198 0.915429
vt 0.964417 0.914155
vt 0.964417 0.913518
vt 0.964417 0.914792
vt 0.964417 0.915429
vt 0.963296 0.914155
vt 0.963296 0.913518
vt 0.963296 0.914792
vt 0.963296 0.915429
vt 0.962174 0.914155
vt 0.962174 0.913518
vt 0.962174 0.914792
vt 0.962174 0.915429
vt 0.958778 0.914155
vt 0.958778 0.913518
vt 0.958778 0.914792
vt 0.958778 0.915429
vt 0.954245 0.914155
vt 0.954245 0.913518
vt 0.954245 0.914792
vt 0.954245 0.915429
vt 0.950585 0.914155
vt 0.950585 0.913518
vt 0.950585 0.914792
vt 0.950585 0.915429
vt 0.948371 0.914155
vt 0.948371 0.913518
vt 0.948371 0.914792
vt 0.948371 0.915429
vt 0.944952 0.914155
vt 0.944952 0.913518
vt 0.944952 0.914792
vt 0.944952 0.915429
vt 0.940419 0.914155
vt 0.940419 0.913518
vt 0.940419 0.914792
vt 0.940419 0.915429
vt 0.935886 0.914155
vt 0.935886 0.913518
vt 0.935886 0.914792
vt 0.935886 0.915429
vt 0.934566 0.914155
vt 0.934566 0.913518
vt 0.934566 0.914792
vt 0.934566 0.915429
vt 0.933444 0.914155
vt 0.933444 0.913518
vt 0.933444 0.914792
vt 0.933444 0.915429
vt 0.928911 0.914155
vt 0.928911 0.913518
vt 0.928911 0.914792
vt 0.928911 0.915429
vt 0.927790 0.914155
vt 0.927790 0.913518
vt 0.927790 0.914792
vt 0.927790 0.915429
vt 0.923257 0.914155
vt 0.923257 0.913518
vt 0.923257 0.914792
vt 0.923257 0.915429
vt 0.918724 0.914155
vt 0.918724 0.913518
vt 0.918724 0.914792
vt 0.918724 0.915429
vt 0.915312 0.914155
vt 0.915312 0.913518
vt 0.915312 0.914792
vt 0.915312 0.915429
vt 0.913580 0.914155
vt 0.913580 0.913518
vt 0.913580 0.914792
vt 0.913580 0.915429
vt 0.912459 0.914155
vt 0.912459 0.913518
vt 0.912459 0.914792
vt 0.912459 0.915429
vt 0.909040 0.914155
vt 0.909040 0.913518
vt 0.909040 0.914792
vt 0.909040 0.915429
vt 0.907919 0.914155
vt 0.907919 0.913518
vt 0.907919 0.914792
vt 0.907919 0.915429
vt 0.906797 0.914155
vt 0.906797 0.913518
vt 0.906797 0.914792
vt 0.906797 0.915429
vt 0.903795 0.914155
vt 0.903795 0.913518
vt 0.903795 0.914792
vt 0.903795 0.915429
vt 0.983647 0.914155
vt 0.983647 0.913518
vt 0.983647 0.914792
vt 0.983647 0.915429
vt 0.981738 0.914155
vt 0.981738 0.913518
vt 0.981738 0.914792
vt 0.981738 0.915429
vt 0.978326 0.914155
vt 0.978326 0.913518
vt 0.978326 0.914792
vt 0.978326 0.915429
vt 0.973793 0.914155
vt 0.973793 0.913518
vt 0.973793 0.914792
vt 0.973793 0.915429
vt 0.972473 0.914155
vt 0.972473 0.913518
vt 0.972473 0.914792
vt 0.972473 0.915429
vt 0.967939 0.914155
vt 0.967939 0.913518
vt 0.967939 0.914792
vt 0.967939 0.915429
vt 0.966818 0.914155
vt 0.966818 0.913518
vt 0.966818 0.914792
vt 0.966818 0.915429
vt 0.965498 0.914155
vt 0.965498 0.913518
vt 0.965498 0.914792
vt 0.965498 0.915429
vt 0.960778 0.914155
vt 0.960778 0.913518
vt 0.960778 0.914792
vt 0.960778 0.915429
vt 0.956055 0.914155
vt 0.956055 0.913518
vt 0.956055 0.914792
vt 0.956055 0.915429
vt 0.954735 0.914155
vt 0.954735 0.913518
vt 0.954735 0.914792
vt 0.954735 0.915429
vt 0.953614 0.914155
vt 0.953614 0.913518
vt 0.953614 0.914792
vt 0.953614 0.915429
vt 0.949081 0.914155
vt 0.949081 0.913518
vt 0.949081 0.914792
vt 0.949081 0.915429
vt 0.947960 0.914155
vt 0.947960 0.913518
vt 0.947960 0.914792
vt 0.947960 0.915429
vt 0.946640 0.914155
vt 0.946640 0.913518
vt 0.946640 0.914792
vt 0.946640 0.915429
vt 0.942106 0.914155
vt 0.942106 0.913518
vt 0.942106 0.914792
vt 0.942106 0.915429
vt 0.938694 0.914155
vt 0.938694 0.913518
vt 0.938694 0.914792
vt 0.938694 0.915429
vt 0.984740 0.914155
vt 0.984740 0.913518
vt 0.984740 0.914792
vt 0.984740 0.915429
vt 0.981956 0.914155
vt 0.981956 0.913518
vt 0.981956 0.914792
vt 0.981956 0.915429
vt 0.978954 0.914155
vt 0.978954 0.913518
vt 0.978954 0.914792
vt 0.978954 0.915429
vt 0.975952 0.914155
vt 0.975952 0.913518
vt 0.975952 0.914792
vt 0.975952 0.915429
vt 0.974831 0.914155
vt 0.974831 0.913518
vt 0.974831 0.914792
vt 0.974831 0.915429
vt 0.971839 0.914155
vt 0.971839 0.913518
vt 0.971839 0.914792
vt 0.971839 0.915429
vt 0.970718 0.914155
vt 0.970718 0.913518
vt 0.970718 0.914792
vt 0.970718 0.915429
vt 0.976077 0.914155
vt 0.976077 0.913518
vt 0.976077 0.914792
vt 0.976077 0.915429
vt 0.586641 1.000000
vt 0.586641 0.666667
vt 0.586641 0.333333
vt 0.586641 0.000000
vt 0.000000 0.333333
vt 0.000000 0.666667
vt 0.000000 0.000000
vt 0.045357 0.020233
vt 0.051354 0.017234
vt 0.017354 0.020233
vt 0.011357 0.037233
vt 0.017354 0.034234
vt 0.045357 0.034234
vt 0.045357 0.013767
vt 0.017354 0.040699
vt 0.051354 0.037233
vt 0.024276 0.023694
vt 0.011357 0.017234
vt 0.038435 0.030773
vt 0.038435 0.023694
vt 0.024276 0.030773
vt 0.045357 0.040699
vt 0.017354 0.013767
vt 0.145034 0.005504
vt 0.167855 0.297696
vt 0.167855 0.005504
vt 0.145034 0.297696
s 1
usemtl pylones
f 1/1/1 9/2/2 10/3/3 2/4/4
f 2/5/4 10/6/3 11/7/5 4/1/6
f 4/8/6 11/9/5 12/10/7 3/11/8
f 3/12/8 12/13/7 9/14/2 1/15/1
f 5/16/1 13/15/2 14/17/3 6/18/4
f 6/19/4 14/20/3 15/21/5 8/22/6
f 8/23/6 15/3/5 16/24/7 7/25/8
f 7/26/8 16/27/7 13/28/2 5/29/1
f 9/14/2 12/13/7 11/9/5 10/6/3
f 13/28/2 16/27/7 15/3/5 14/20/3
f 17/30/9 18/31/10 21/32/11 20/33/12
f 18/31/10 19/34/13 22/35/14 21/32/11
f 19/34/13 17/36/9 20/37/12 22/35/14
f 20/33/12 21/32/11 24/38/15 23/39/16
f 21/32/11 22/35/14 25/40/17 24/38/15
f 22/35/14 20/37/12 23/41/16 25/40/17
f 23/39/16 24/38/15 27/42/18 26/43/19
f 24/38/15 25/40/17 28/44/20 27/42/18
f 25/40/17 23/41/16 26/45/19 28/44/20
f 26/43/19 27/42/18 30/46/21 29/47/22
f 27/42/18 28/44/20 31/48/23 30/46/21
f 28/44/20 26/45/19 29/49/22 31/48/23
f 29/47/22 30/46/21 33/50/24 32/51/25
f 30/46/21 31/48/23 34/52/26 33/50/24
f 31/48/23 29/49/22 32/53/25 34/52/26
f 32/51/25 33/50/24 36/54/27 35/55/28
f 33/50/24 34/52/26 37/56/29 36/54/27
f 34/52/26 32/53/25 35/57/28 37/56/29
f 35/55/28 36/54/27 39/58/30 38/59/31
f 36/54/27 37/56/29 40/60/32 39/58/30
f 37/56/29 35/57/28 38/61/31 40/60/32
f 38/59/31 39/58/30 42/62/33 41/63/34
f 39/58/30 40/60/32 43/64/35 42/62/33
f 40/60/32 38/61/31 41/65/34 43/64/35
f 41/63/34 42/62/33 45/66/36 44/67/37
f 42/62/33 43/64/35 46/68/38 45/66/36
f 43/64/35 41/65/34 44/69/37 46/68/38
f 44/67/37 45/66/36 48/70/39 47/71/40
f 45/66/36 46/68/38 49/72/41 48/70/39
f 46/68/38 44/69/37 47/73/40 49/72/41
f 47/71/40 48/70/39 51/74/42 50/75/43
f 48/70/39 49/72/41 52/76/44 51/74/42
f 49/72/41 47/73/40 50/77/43 52/76/44
f 50/75/43 51/74/42 54/78/45 53/79/46
f 51/74/42 52/76/44 55/80/47 54/78/45
f 52/76/44 50/77/43 53/81/46 55/80/47
f 53/79/46 54/78/45 57/82/48 56/83/49
f 54/78/45 55/80/47 58/84/50 57/82/48
f 55/80/47 53/81/46 56/85/49 58/84/50
f 56/83/49 57/82/48 60/86/51 59/87/52
f 57/82/48 58/84/50 61/88/53 60/86/51
f 58/84/50 56/85/49 59/89/52 61/88/53
f 59/87/52 60/86/51 63/90/54 62/91/55
f 60/86/51 61/88/53 64/92/56 63/90/54
f 61/88/53 59/89/52 62/93/55 64/92/56
f 62/91/55 63/90/54 66/94/57 65/95/58
f 63/90/54 64/92/56 67/96/59 66/94/57
f 64/92/56 62/93/55 65/97/58 67/96/59
f 65/95/58 66/94/57 69/98/60 68/99/61
f 66/94/57 67/96/59 70/100/62 69/98/60
f 67/96/59 65/97/58 68/101/61 70/100/62
f 68/99/61 69/98/60 72/102/63 71/103/64
f 69/98/60 70/100/62 73/104/65 72/102/63
f 70/100/62 68/101/61 71/105/64 73/104/65
f 71/103/64 72/102/63 75/106/66 74/107/67
f 72/102/63 73/104/65 76/108/68 75/106/66
f 73/104/65 71/105/64 74/109/67 76/108/68
f 74/107/67 75/106/66 78/110/69 77/111/70
f 75/106/66 76/108/68 79/112/71 78/110/69
f 76/108/68 74/109/67 77/113/70 79/112/71
f 77/111/70 78/110/69 81/114/72 80/115/73
f 78/110/69 79/112/71 82/116/74 81/114/72
f 79/112/71 77/113/70 80/117/73 82/116/74
f 80/115/73 81/114/72 84/118/75 83/119/76
f 81/114/72 82/116/74 85/120/77 84/118/75
f 82/116/74 80/117/73 83/121/76 85/120/77
f 83/119/76 84/118/75 87/122/78 86/123/79
f 84/118/75 85/120/77 88/124/80 87/122/78
f 85/120/77 83/121/76 86/125/79 88/124/80
f 86/123/79 87/122/78 90/126/81 89/127/82
f 87/122/78 88/124/80 91/128/83 90/126/81
f 88/124/80 86/125/79 89/129/82 91/128/83
f 89/127/82 90/126/81 93/130/84 92/131/85
f 90/126/81 91/128/83 94/132/86 93/130/84
f 91/128/83 89/129/82 92/133/85 94/132/86
f 92/131/85 93/130/84 96/134/87 95/135/88
f 93/130/84 94/132/86 97/136/89 96/134/87
f 94/132/86 92/133/85 95/137/88 97/136/89
f 95/135/88 96/134/87 99/138/90 98/139/91
f 96/134/87 97/136/89 100/140/92 99/138/90
f 97/136/89 95/137/88 98/141/91 100/140/92
f 98/139/91 99/138/90 102/142/93 101/143/94
f 99/138/90 100/140/92 103/144/95 102/142/93
f 100/140/92 98/141/91 101/145/94 103/144/95
f 101/143/94 102/142/93 105/146/96 104/147/97
f 102/142/93 103/144/95 106/148/98 105/146/96
f 103/144/95 101/145/94 104/149/97 106/148/98
f 104/147/97 105/146/96 108/150/99 107/151/100
f 105/146/96 106/148/98 109/152/101 108/150/99
f 106/148/98 104/149/97 107/153/100 109/152/101
f 107/151/100 108/150/99 111/154/102 110/155/103
f 108/150/99 109/152/101 112/156/104 111/154/102
f 109/152/101 107/153/100 110/157/103 112/156/104
f 110/155/103 111/154/102 114/158/105 113/159/106
f 111/154/102 112/156/104 115/160/107 114/158/105
f 112/156/104 110/157/103 113/161/106 115/160/107
f 113/159/106 114/158/105 117/162/108 116/163/109
f 114/158/105 115/160/107 118/164/110 117/162/108
f 115/160/107 113/161/106 116/165/109 118/164/110
f 116/163/109 117/162/108 120/166/111 119/167/112
f 117/162/108 118/164/110 121/168/113 120/166/111
f 118/164/110 116/165/109 119/169/112 121/168/113
f 119/167/112 120/166/111 123/170/114 122/171/115
f 120/166/111 121/168/113 124/172/116 123/170/114
f 121/168/113 119/169/112 122/173/115 124/172/116
f 122/171/115 123/170/114 126/174/117 125/175/118
f 123/170/114 124/172/116 127/176/119 126/174/117
f 124/172/116 122/173/115 125/177/118 127/176/119
f 125/175/118 126/174/117 129/178/120 128/179/121
f 126/174/117 127/176/119 130/180/122 129/178/120
f 127/176/119 125/177/118 128/181/121 130/180/122
f 128/179/121 129/178/120 132/182/123 131/183/124
f 129/178/120 130/180/122 133/184/125 132/182/123
f 130/180/122 128/181/121 131/185/124 133/184/125
f 131/183/124 132/182/123 135/186/126 134/187/127
f 132/182/123 133/184/125 136/188/128 135/186/126
f 133/184/125 131/185/124 134/189/127 136/188/128
f 134/187/127 135/186/126 138/190/129 137/191/130
f 135/186/126 136/188/128 139/192/131 138/190/129
f 136/188/128 134/189/127 137/193/130 139/192/131
f 137/191/130 138/190/129 141/194/132 140/195/133
f 138/190/129 139/192/131 142/196/134 141/194/132
f 139/192/131 137/193/130 140/197/133 142/196/134
f 140/195/133 141/194/132 144/198/135 143/199/136
f 141/194/132 142/196/134 145/200/137 144/198/135
f 142/196/134 140/197/133 143/201/136 145/200/137
f 143/199/136 144/198/135 147/202/138 146/203/139
f 144/198/135 145/200/137 148/204/140 147/202/138
f 145/200/137 143/201/136 146/205/139 148/204/140
f 146/203/139 147/202/138 150/206/141 149/207/142
f 147/202/138 148/204/140 151/208/143 150/206/141
f 148/204/140 146/205/139 149/209/142 151/208/143
f 149/207/142 150/206/141 153/210/144 152/211/145
f 150/206/141 151/208/143 154/212/146 153/210/144
f 151/208/143 149/209/142 152/213/145 154/212/146
f 152/211/145 153/210/144 156/214/147 155/215/148
f 153/210/144 154/212/146 157/216/149 156/214/147
f 154/212/146 152/213/145 155/217/148 157/216/149
f 155/215/148 156/214/147 159/218/150 158/219/151
f 156/214/147 157/216/149 160/220/152 159/218/150
f 157/216/149 155/217/148 158/221/151 160/220/152
f 158/219/151 159/218/150 162/222/153 161/223/154
f 159/218/150 160/220/152 163/224/155 162/222/153
f 160/220/152 158/221/151 161/225/154 163/224/155
f 161/223/154 162/222/153 165/226/156 164/227/157
f 162/222/153 163/224/155 166/228/158 165/226/156
f 163/224/155 161/225/154 164/229/157 166/228/158
f 164/227/157 165/226/156 168/230/159 167/231/160
f 165/226/156 166/228/158 169/232/161 168/230/159
f 166/228/158 164/229/157 167/233/160 169/232/161
f 167/231/160 168/230/159 171/234/162 170/235/163
f 168/230/159 169/232/161 172/236/164 171/234/162
f 169/232/161 167/233/160 170/237/163 172/236/164
f 170/235/163 171/234/162 174/238/165 173/239/166
f 171/234/162 172/236/164 175/240/167 174/238/165
f 172/236/164 170/237/163 173/241/166 175/240/167
f 173/239/166 174/238/165 177/242/168 176/243/169
f 174/238/165 175/240/167 178/244/170 177/242/168
f 175/240/167 173/241/166 176/245/169 178/244/170
f 176/243/169 177/242/168 180/246/171 179/247/172
f 177/242/168 178/244/170 181/248/173 180/246/171
f 178/244/170 176/245/169 179/249/172 181/248/173
f 179/247/172 180/246/171 183/250/174 182/251/175
f 180/246/171 181/248/173 184/252/176 183/250/174
f 181/248/173 179/249/172 182/253/175 184/252/176
f 182/251/175 183/250/174 186/254/177 185/255/178
f 183/250/174 184/252/176 187/256/179 186/254/177
f 184/252/176 182/253/175 185/257/178 187/256/179
f 185/255/178 186/254/177 189/258/180 188/259/181
f 186/254/177 187/256/179 190/260/182 189/258/180
f 187/256/179 185/257/178 188/261/181 190/260/182
f 188/259/181 189/258/180 192/262/183 191/263/184
f 189/258/180 190/260/182 193/264/185 192/262/183
f 190/260/182 188/261/181 191/265/184 193/264/185
f 191/263/184 192/262/183 195/266/186 194/267/187
f 192/262/183 193/264/185 196/268/188 195/266/186
f 193/264/185 191/265/184 194/269/187 196/268/188
f 194/267/187 195/266/186 198/270/189 197/271/190
f 195/266/186 196/268/188 199/272/191 198/270/189
f 196/268/188 194/269/187 197/273/190 199/272/191
f 197/271/190 198/270/189 201/274/192 200/275/193
f 198/270/189 199/272/191 202/276/194 201/274/192
f 199/272/191 197/273/190 200/277/193 202/276/194
f 200/275/193 201/274/192 204/278/195 203/279/196
f 201/274/192 202/276/194 205/280/197 204/278/195
f 202/276/194 200/277/193 203/281/196 205/280/197
f 203/279/196 204/278/195 207/282/198 206/283/199
f 204/278/195 205/280/197 208/284/200 207/282/198
f 205/280/197 203/281/196 206/285/199 208/284/200
f 206/283/199 207/282/198 210/286/201 209/287/202
f 207/282/198 208/284/200 211/288/203 210/286/201
f 208/284/200 206/285/199 209/289/202 211/288/203
f 209/287/202 210/286/201 213/290/204 212/291/205
f 210/286/201 211/288/203 214/292/206 213/290/204
f 211/288/203 209/289/202 212/293/205 214/292/206
f 212/291/205 213/290/204 216/294/207 215/295/208
f 213/290/204 214/292/206 217/296/209 216/294/207
f 214/292/206 212/293/205 215/297/208 217/296/209
f 215/295/208 216/294/207 219/298/210 218/299/211
f 216/294/207 217/296/209 220/300/212 219/298/210
f 217/296/209 215/297/208 218/301/211 220/300/212
f 218/299/211 219/298/210 222/302/213 221/303/214
f 219/298/210 220/300/212 223/304/215 222/302/213
f 220/300/212 218/301/211 221/305/214 223/304/215
f 221/303/214 222/302/213 225/306/216 224/307/217
f 222/302/213 223/304/215 226/308/218 225/306/216
f 223/304/215 221/305/214 224/309/217 226/308/218
f 224/307/217 225/306/216 228/310/219 227/311/220
f 225/306/216 226/308/218 229/312/221 228/310/219
f 226/308/218 224/309/217 227/313/220 229/312/221
f 227/311/220 228/310/219 231/314/222 230/315/223
f 228/310/219 229/312/221 232/316/224 231/314/222
f 229/312/221 227/313/220 230/317/223 232/316/224
f 230/315/223 231/314/222 234/318/225 233/319/226
f 231/314/222 232/316/224 235/320/227 234/318/225
f 232/316/224 230/317/223 233/321/226 235/320/227
f 233/319/226 234/318/225 237/322/228 236/323/229
f 234/318/225 235/320/227 238/324/230 237/322/228
f 235/320/227 233/321/226 236/325/229 238/324/230
f 236/323/229 237/322/228 240/326/231 239/327/232
f 237/322/228 238/324/230 241/328/233 240/326/231
f 238/324/230 236/325/229 239/329/232 241/328/233
f 239/327/232 240/326/231 243/330/234 242/331/235
f 240/326/231 241/328/233 244/332/236 243/330/234
f 241/328/233 239/329/232 242/333/235 244/332/236
f 242/331/235 243/330/234 246/334/237 245/335/238
f 243/330/234 244/332/236 247/336/239 246/334/237
f 244/332/236 242/333/235 245/337/238 247/336/239
f 245/335/238 246/334/237 249/338/240 248/339/241
f 246/334/237 247/336/239 250/340/242 249/338/240
f 247/336/239 245/337/238 248/341/241 250/340/242
f 248/339/241 249/338/240 252/342/243 251/343/244
f 249/338/240 250/340/242 253/344/245 252/342/243
f 250/340/242 248/341/241 251/345/244 253/344/245
f 251/343/244 252/342/243 255/346/246 254/347/247
f 252/342/243 253/344/245 256/348/248 255/346/246
f 253/344/245 251/345/244 254/349/247 256/348/248
f 254/347/247 255/346/246 258/350/249 257/351/250
f 255/346/246 256/348/248 259/352/251 258/350/249
f 256/348/248 254/349/247 257/353/250 259/352/251
f 257/351/250 258/350/249 261/354/252 260/355/253
f 258/350/249 259/352/251 262/356/254 261/354/252
f 259/352/251 257/353/250 260/357/253 262/356/254
f 260/355/253 261/354/252 264/358/255 263/359/256
f 261/354/252 262/356/254 265/360/257 264/358/255
f 262/356/254 260/357/253 263/361/256 265/360/257
f 263/359/256 264/358/255 267/362/258 266/363/259
f 264/358/255 265/360/257 268/364/260 267/362/258
f 265/360/257 263/361/256 266/365/259 268/364/260
f 266/363/259 267/362/258 270/366/261 269/367/262
f 267/362/258 268/364/260 271/368/263 270/366/261
f 268/364/260 266/365/259 269/369/262 271/368/263
f 269/367/262 270/366/261 273/370/264 272/371/265
f 270/366/261 271/368/263 274/372/266 273/370/264
f 271/368/263 269/369/262 272/373/265 274/372/266
f 272/371/265 273/370/264 276/374/267 275/375/268
f 273/370/264 274/372/266 277/376/269 276/374/267
f 274/372/266 272/373/265 275/377/268 277/376/269
f 275/375/268 276/374/267 279/378/270 278/379/271
f 276/374/267 277/376/269 280/380/272 279/378/270
f 277/376/269 275/377/268 278/381/271 280/380/272
f 278/379/271 279/378/270 282/382/273 281/383/274
f 279/378/270 280/380/272 283/384/275 282/382/273
f 280/380/272 278/381/271 281/385/274 283/384/275
f 281/383/274 282/382/273 285/386/276 284/387/277
f 282/382/273 283/384/275 286/388/278 285/386/276
f 283/384/275 281/385/274 284/389/277 286/388/278
f 284/387/277 285/386/276 288/390/279 287/391/280
f 285/386/276 286/388/278 289/392/281 288/390/279
f 286/388/278 284/389/277 287/393/280 289/392/281
f 287/391/280 288/390/279 291/394/282 290/395/283
f 288/390/279 289/392/281 292/396/284 291/394/282
f 289/392/281 287/393/280 290/397/283 292/396/284
f 290/395/283 291/394/282 294/398/285 293/399/286
f 291/394/282 292/396/284 295/400/287 294/398/285
f 292/396/284 290/397/283 293/401/286 295/400/287
f 293/399/286 294/398/285 297/402/288 296/403/289
f 294/398/285 295/400/287 298/404/290 297/402/288
f 295/400/287 293/401/286 296/405/289 298/404/290
f 296/403/289 297/402/288 300/406/291 299/407/292
f 297/402/288 298/404/290 301/408/293 300/406/291
f 298/404/290 296/405/289 299/409/292 301/408/293
f 299/407/292 300/406/291 303/410/294 302/411/295
f 300/406/291 301/408/293 304/412/296 303/410/294
f 301/408/293 299/409/292 302/413/295 304/412/296
f 302/411/295 303/410/294 306/414/297 305/415/298
f 303/410/294 304/412/296 307/416/299 306/414/297
f 304/412/296 302/413/295 305/417/298 307/416/299
f 305/415/298 306/414/297 309/418/300 308/419/301
f 306/414/297 307/416/299 310/420/302 309/418/300
f 307/416/299 305/417/298 308/421/301 310/420/302
f 308/419/301 309/418/300 312/422/303 311/423/304
f 309/418/300 310/420/302 313/424/305 312/422/303
f 310/420/302 308/421/301 311/425/304 313/424/305
f 19/34/306 18/31/306 17/36/306
f 311/425/307 312/422/307 313/424/307
f 314/30/308 315/31/309 318/426/310 317/427/311
f 315/31/309 316/34/312 319/428/313 318/426/310
f 316/34/312 314/36/308 317/429/311 319/428/313
f 317/427/311 318/426/310 321/430/314 320/431/315
f 318/426/310 319/428/313 322/432/316 321/430/314
f 319/428/313 317/429/311 320/433/315 322/432/316
f 320/431/315 321/430/314 324/434/317 323/435/318
f 321/430/314 322/432/316 325/436/319 324/434/317
f 322/432/316 320/433/315 323/437/318 325/436/319
f 323/435/318 324/434/317 327/438/320 326/439/321
f 324/434/317 325/436/319 328/440/322 327/438/320
f 325/436/319 323/437/318 326/441/321 328/440/322
f 326/439/321 327/438/320 330/442/323 329/443/324
f 327/438/320 328/440/322 331/444/325 330/442/323
f 328/440/322 326/441/321 329/445/324 331/444/325
f 329/443/324 330/442/323 333/446/326 332/447/327
f 330/442/323 331/444/325 334/448/328 333/446/326
f 331/444/325 329/445/324 332/449/327 334/448/328
f 332/447/327 333/446/326 336/450/329 335/451/330
f 333/446/326 334/448/328 337/452/331 336/450/329
f 334/448/328 332/449/327 335/453/330 337/452/331
f 335/451/330 336/450/329 339/454/332 338/455/333
f 336/450/329 337/452/331 340/456/334 339/454/332
f 337/452/331 335/453/330 338/457/333 340/456/334
f 338/455/333 339/454/332 342/458/335 341/459/336
f 339/454/332 340/456/334 343/460/337 342/458/335
f 340/456/334 338/457/333 341/461/336 343/460/337
f 341/459/336 342/458/335 345/462/338 344/463/339
f 342/458/335 343/460/337 346/464/340 345/462/338
f 343/460/337 341/461/336 344/465/339 346/464/340
f 344/463/339 345/462/338 348/466/341 347/467/342
f 345/462/338 346/464/340 349/468/343 348/466/341
f 346/464/340 344/465/339 347/469/342 349/468/343
f 347/467/342 348/466/341 351/470/344 350/471/345
f 348/466/341 349/468/343 352/472/346 351/470/344
f 349/468/343 347/469/342 350/473/345 352/472/346
f 350/471/345 351/470/344 354/474/347 353/475/348
f 351/470/344 352/472/346 355/476/349 354/474/347
f 352/472/346 350/473/345 353/477/348 355/476/349
f 353/475/348 354/474/347 357/478/350 356/479/351
f 354/474/347 355/476/349 358/480/352 357/478/350
f 355/476/349 353/477/348 356/481/351 358/480/352
f 356/479/351 357/478/350 360/482/353 359/483/354
f 357/478/350 358/480/352 361/484/355 360/482/353
f 358/480/352 356/481/351 359/485/354 361/484/355
f 359/483/354 360/482/353 363/486/356 362/487/357
f 360/482/353 361/484/355 364/488/358 363/486/356
f 361/484/355 359/485/354 362/489/357 364/488/358
f 362/487/357 363/486/356 366/490/359 365/491/360
f 363/486/356 364/488/358 367/492/361 366/490/359
f 364/488/358 362/489/357 365/493/360 367/492/361
f 365/491/360 366/490/359 369/494/362 368/495/363
f 366/490/359 367/492/361 370/496/364 369/494/362
f 367/492/361 365/493/360 368/497/363 370/496/364
f 368/495/363 369/494/362 372/498/365 371/499/366
f 369/494/362 370/496/364 373/500/367 372/498/365
f 370/496/364 368/497/363 371/501/366 373/500/367
f 371/499/366 372/498/365 375/502/368 374/503/369
f 372/498/365 373/500/367 376/504/370 375/502/368
f 373/500/367 371/501/366 374/505/369 376/504/370
f 374/503/369 375/502/368 378/506/371 377/507/372
f 375/502/368 376/504/370 379/508/373 378/506/371
f 376/504/370 374/505/369 377/509/372 379/508/373
f 377/507/372 378/506/371 381/510/374 380/511/375
f 378/506/371 379/508/373 382/512/376 381/510/374
f 379/508/373 377/509/372 380/513/375 382/512/376
f 380/511/375 381/510/374 384/514/377 383/515/378
f 381/510/374 382/512/376 385/516/379 384/514/377
f 382/512/376 380/513/375 383/517/378 385/516/379
f 383/515/378 384/514/377 387/518/380 386/519/381
f 384/514/377 385/516/379 388/520/382 387/518/380
f 385/516/379 383/517/378 386/521/381 388/520/382
f 386/519/381 387/518/380 390/522/383 389/523/384
f 387/518/380 388/520/382 391/524/385 390/522/383
f 388/520/382 386/521/381 389/525/384 391/524/385
f 389/523/384 390/522/383 393/526/386 392/527/387
f 390/522/383 391/524/385 394/528/388 393/526/386
f 391/524/385 389/525/384 392/529/387 394/528/388
f 392/527/387 393/526/386 396/530/389 395/531/390
f 393/526/386 394/528/388 397/532/391 396/530/389
f 394/528/388 392/529/387 395/533/390 397/532/391
f 395/531/390 396/530/389 399/534/392 398/535/393
f 396/530/389 397/532/391 400/536/394 399/534/392
f 397/532/391 395/533/390 398/537/393 400/536/394
f 398/535/393 399/534/392 402/538/395 401/539/396
f 399/534/392 400/536/394 403/540/397 402/538/395
f 400/536/394 398/537/393 401/541/396 403/540/397
f 401/539/396 402/538/395 405/542/398 404/543/399
f 402/538/395 403/540/397 406/544/400 405/542/398
f 403/540/397 401/541/396 404/545/399 406/544/400
f 404/543/399 405/542/398 408/546/401 407/547/402
f 405/542/398 406/544/400 409/548/403 408/546/401
f 406/544/400 404/545/399 407/549/402 409/548/403
f 407/547/402 408/546/401 411/550/404 410/551/405
f 408/546/401 409/548/403 412/552/406 411/550/404
f 409/548/403 407/549/402 410/553/405 412/552/406
f 410/551/405 411/550/404 414/554/407 413/555/408
f 411/550/404 412/552/406 415/556/409 414/554/407
f 412/552/406 410/553/405 413/557/408 415/556/409
f 413/555/408 414/554/407 417/558/410 416/559/411
f 414/554/407 415/556/409 418/560/412 417/558/410
f 415/556/409 413/557/408 416/561/411 418/560/412
f 416/559/411 417/558/410 420/562/413 419/563/414
f 417/558/410 418/560/412 421/564/415 420/562/413
f 418/560/412 416/561/411 419/565/414 421/564/415
f 419/563/414 420/562/413 423/566/416 422/567/417
f 420/562/413 421/564/415 424/568/418 423/566/416
f 421/564/415 419/565/414 422/569/417 424/568/418
f 422/567/417 423/566/416 426/570/419 425/571/420
f 423/566/416 424/568/418 427/572/421 426/570/419
f 424/568/418 422/569/417 425/573/420 427/572/421
f 425/571/420 426/570/419 429/574/422 428/575/423
f 426/570/419 427/572/421 430/576/424 429/574/422
f 427/572/421 425/573/420 428/577/423 430/576/424
f 428/575/423 429/574/422 432/578/425 431/579/426
f 429/574/422 430/576/424 433/580/427 432/578/425
f 430/576/424 428/577/423 431/581/426 433/580/427
f 431/579/426 432/578/425 435/582/428 434/583/429
f 432/578/425 433/580/427 436/584/430 435/582/428
f 433/580/427 431/581/426 434/585/429 436/584/430
f 434/583/429 435/582/428 438/586/431 437/587/432
f 435/582/428 436/584/430 439/588/433 438/586/431
f 436/584/430 434/585/429 437/589/432 439/588/433
f 437/587/432 438/586/431 441/590/434 440/591/435
f 438/586/431 439/588/433 442/592/436 441/590/434
f 439/588/433 437/589/432 440/593/435 442/592/436
f 440/591/435 441/590/434 444/594/437 443/595/438
f 441/590/434 442/592/436 445/596/439 444/594/437
f 442/592/436 440/593/435 443/597/438 445/596/439
f 443/595/438 444/594/437 447/598/440 446/599/441
f 444/594/437 445/596/439 448/600/442 447/598/440
f 445/596/439 443/597/438 446/601/441 448/600/442
f 446/599/441 447/598/440 450/602/443 449/603/444
f 447/598/440 448/600/442 451/604/445 450/602/443
f 448/600/442 446/601/441 449/605/444 451/604/445
f 449/603/444 450/602/443 453/606/446 452/607/447
f 450/602/443 451/604/445 454/608/448 453/606/446
f 451/604/445 449/605/444 452/609/447 454/608/448
f 452/607/447 453/606/446 456/610/449 455/611/450
f 453/606/446 454/608/448 457/612/451 456/610/449
f 454/608/448 452/609/447 455/613/450 457/612/451
f 455/611/450 456/610/449 459/614/452 458/615/453
f 456/610/449 457/612/451 460/616/454 459/614/452
f 457/612/451 455/613/450 458/617/453 460/616/454
f 458/615/453 459/614/452 462/618/455 461/619/456
f 459/614/452 460/616/454 463/620/457 462/618/455
f 460/616/454 458/617/453 461/621/456 463/620/457
f 461/619/456 462/618/455 465/622/458 464/623/459
f 462/618/455 463/620/457 466/624/460 465/622/458
f 463/620/457 461/621/456 464/625/459 466/624/460
f 464/623/459 465/622/458 468/626/461 467/627/462
f 465/622/458 466/624/460 469/628/463 468/626/461
f 466/624/460 464/625/459 467/629/462 469/628/463
f 467/627/462 468/626/461 471/630/464 470/631/465
f 468/626/461 469/628/463 472/632/466 471/630/464
f 469/628/463 467/629/462 470/633/465 472/632/466
f 470/631/465 471/630/464 474/634/467 473/635/468
f 471/630/464 472/632/466 475/636/469 474/634/467
f 472/632/466 470/633/465 473/637/468 475/636/469
f 473/635/468 474/634/467 477/638/470 476/639/471
f 474/634/467 475/636/469 478/640/472 477/638/470
f 475/636/469 473/637/468 476/641/471 478/640/472
f 476/639/471 477/638/470 480/642/473 479/643/474
f 477/638/470 478/640/472 481/644/475 480/642/473
f 478/640/472 476/641/471 479/645/474 481/644/475
f 479/643/474 480/642/473 483/646/476 482/647/477
f 480/642/473 481/644/475 484/648/478 483/646/476
f 481/644/475 479/645/474 482/649/477 484/648/478
f 482/647/477 483/646/476 486/650/479 485/651/480
f 483/646/476 484/648/478 487/652/481 486/650/479
f 484/648/478 482/649/477 485/653/480 487/652/481
f 485/651/480 486/650/479 489/654/482 488/655/483
f 486/650/479 487/652/481 490/656/484 489/654/482
f 487/652/481 485/653/480 488/657/483 490/656/484
f 488/655/483 489/654/482 492/658/485 491/659/486
f 489/654/482 490/656/484 493/660/487 492/658/485
f 490/656/484 488/657/483 491/661/486 493/660/487
f 491/659/486 492/658/485 495/662/488 494/663/489
f 492/658/485 493/660/487 496/664/490 495/662/488
f 493/660/487 491/661/486 494/665/489 496/664/490
f 494/663/489 495/662/488 498/666/491 497/667/492
f 495/662/488 496/664/490 499/668/493 498/666/491
f 496/664/490 494/665/489 497/669/492 499/668/493
f 497/667/492 498/666/491 501/670/494 500/671/495
f 498/666/491 499/668/493 502/672/496 501/670/494
f 499/668/493 497/669/492 500/673/495 502/672/496
f 500/671/495 501/670/494 504/674/497 503/675/498
f 501/670/494 502/672/496 505/676/499 504/674/497
f 502/672/496 500/673/495 503/677/498 505/676/499
f 503/675/498 504/674/497 507/678/500 506/679/501
f 504/674/497 505/676/499 508/680/502 507/678/500
f 505/676/499 503/677/498 506/681/501 508/680/502
f 506/679/501 507/678/500 510/682/503 509/683/504
f 507/678/500 508/680/502 511/684/505 510/682/503
f 508/680/502 506/681/501 509/685/504 511/684/505
f 509/683/504 510/682/503 513/686/506 512/687/507
f 510/682/503 511/684/505 514/688/508 513/686/506
f 511/684/505 509/685/504 512/689/507 514/688/508
f 512/687/507 513/686/506 516/690/509 515/691/510
f 513/686/506 514/688/508 517/692/511 516/690/509
f 514/688/508 512/689/507 515/693/510 517/692/511
f 515/691/510 516/690/509 519/694/512 518/695/513
f 516/690/509 517/692/511 520/696/514 519/694/512
f 517/692/511 515/693/510 518/697/513 520/696/514
f 518/695/513 519/694/512 522/698/515 521/699/516
f 519/694/512 520/696/514 523/700/517 522/698/515
f 520/696/514 518/697/513 521/701/516 523/700/517
f 521/699/516 522/698/515 525/702/518 524/703/519
f 522/698/515 523/700/517 526/704/520 525/702/518
f 523/700/517 521/701/516 524/705/519 526/704/520
f 524/703/519 525/702/518 528/706/521 527/707/522
f 525/702/518 526/704/520 529/708/523 528/706/521
f 526/704/520 524/705/519 527/709/522 529/708/523
f 527/707/522 528/706/521 531/710/524 530/711/525
f 528/706/521 529/708/523 532/712/526 531/710/524
f 529/708/523 527/709/522 530/713/525 532/712/526
f 530/711/525 531/710/524 534/714/527 533/715/528
f 531/710/524 532/712/526 535/716/529 534/714/527
f 532/712/526 530/713/525 533/717/528 535/716/529
f 533/715/528 534/714/527 537/718/530 536/719/531
f 534/714/527 535/716/529 538/720/532 537/718/530
f 535/716/529 533/717/528 536/721/531 538/720/532
f 536/719/531 537/718/530 540/722/533 539/723/534
f 537/718/530 538/720/532 541/724/535 540/722/533
f 538/720/532 536/721/531 539/725/534 541/724/535
f 539/723/534 540/722/533 543/726/536 542/727/537
f 540/722/533 541/724/535 544/728/538 543/726/536
f 541/724/535 539/725/534 542/729/537 544/728/538
f 542/727/537 543/726/536 546/730/539 545/731/540
f 543/726/536 544/728/538 547/732/541 546/730/539
f 544/728/538 542/729/537 545/733/540 547/732/541
f 316/34/542 315/31/542 314/36/542
f 545/733/543 546/730/543 547/732/543
f 548/30/544 549/31/545 552/734/546 551/735/547
f 549/31/545 550/34/548 553/736/549 552/734/546
f 550/34/548 548/36/544 551/737/547 553/736/549
f 551/735/547 552/734/546 555/738/550 554/739/551
f 552/734/546 553/736/549 556/740/552 555/738/550
f 553/736/549 551/737/547 554/741/551 556/740/552
f 554/739/551 555/738/550 558/742/553 557/743/554
f 555/738/550 556/740/552 559/744/555 558/742/553
f 556/740/552 554/741/551 557/745/554 559/744/555
f 557/743/554 558/742/553 561/746/556 560/747/557
f 558/742/553 559/744/555 562/748/558 561/746/556
f 559/744/555 557/745/554 560/749/557 562/748/558
f 560/747/557 561/746/556 564/750/559 563/751/560
f 561/746/556 562/748/558 565/752/561 564/750/559
f 562/748/558 560/749/557 563/753/560 565/752/561
f 563/751/560 564/750/559 567/754/562 566/755/563
f 564/750/559 565/752/561 568/756/564 567/754/562
f 565/752/561 563/753/560 566/757/563 568/756/564
f 566/755/563 567/754/562 570/758/565 569/759/566
f 567/754/562 568/756/564 571/760/567 570/758/565
f 568/756/564 566/757/563 569/761/566 571/760/567
f 569/759/566 570/758/565 573/762/568 572/763/569
f 570/758/565 571/760/567 574/764/570 573/762/568
f 571/760/567 569/761/566 572/765/569 574/764/570
f 572/763/569 573/762/568 576/766/571 575/767/572
f 573/762/568 574/764/570 577/768/573 576/766/571
f 574/764/570 572/765/569 575/769/572 577/768/573
f 575/767/572 576/766/571 579/770/574 578/771/575
f 576/766/571 577/768/573 580/772/576 579/770/574
f 577/768/573 575/769/572 578/773/575 580/772/576
f 578/771/575 579/770/574 582/774/577 581/775/578
f 579/770/574 580/772/576 583/776/579 582/774/577
f 580/772/576 578/773/575 581/777/578 583/776/579
f 581/775/578 582/774/577 585/778/580 584/779/581
f 582/774/577 583/776/579 586/780/582 585/778/580
f 583/776/579 581/777/578 584/781/581 586/780/582
f 584/779/581 585/778/580 588/782/583 587/783/584
f 585/778/580 586/780/582 589/784/585 588/782/583
f 586/780/582 584/781/581 587/785/584 589/784/585
f 587/783/584 588/782/583 591/786/586 590/787/587
f 588/782/583 589/784/585 592/788/588 591/786/586
f 589/784/585 587/785/584 590/789/587 592/788/588
f 590/787/587 591/786/586 594/790/589 593/791/590
f 591/786/586 592/788/588 595/792/591 594/790/589
f 592/788/588 590/789/587 593/793/590 595/792/591
f 593/791/590 594/790/589 597/794/592 596/795/593
f 594/790/589 595/792/591 598/796/594 597/794/592
f 595/792/591 593/793/590 596/797/593 598/796/594
f 596/795/593 597/794/592 600/798/595 599/799/596
f 597/794/592 598/796/594 601/800/597 600/798/595
f 598/796/594 596/797/593 599/801/596 601/800/597
f 599/799/596 600/798/595 603/802/598 602/803/599
f 600/798/595 601/800/597 604/804/600 603/802/598
f 601/800/597 599/801/596 602/805/599 604/804/600
f 602/803/599 603/802/598 606/806/601 605/807/602
f 603/802/598 604/804/600 607/808/603 606/806/601
f 604/804/600 602/805/599 605/809/602 607/808/603
f 605/807/602 606/806/601 609/810/604 608/811/605
f 606/806/601 607/808/603 610/812/606 609/810/604
f 607/808/603 605/809/602 608/813/605 610/812/606
f 608/811/605 609/810/604 612/814/607 611/815/608
f 609/810/604 610/812/606 613/816/609 612/814/607
f 610/812/606 608/813/605 611/817/608 613/816/609
f 611/815/608 612/814/607 615/818/610 614/819/611
f 612/814/607 613/816/609 616/820/612 615/818/610
f 613/816/609 611/817/608 614/821/611 616/820/612
f 614/819/611 615/818/610 618/822/613 617/823/614
f 615/818/610 616/820/612 619/824/615 618/822/613
f 616/820/612 614/821/611 617/825/614 619/824/615
f 617/823/614 618/822/613 621/826/616 620/827/617
f 618/822/613 619/824/615 622/828/618 621/826/616
f 619/824/615 617/825/614 620/829/617 622/828/618
f 620/827/617 621/826/616 624/830/619 623/831/620
f 621/826/616 622/828/618 625/832/621 624/830/619
f 622/828/618 620/829/617 623/833/620 625/832/621
f 623/831/620 624/830/619 627/834/622 626/835/623
f 624/830/619 625/832/621 628/836/624 627/834/622
f 625/832/621 623/833/620 626/837/623 628/836/624
f 626/835/623 627/834/622 630/838/625 629/839/626
f 627/834/622 628/836/624 631/840/627 630/838/625
f 628/836/624 626/837/623 629/841/626 631/840/627
f 629/839/626 630/838/625 633/842/628 632/843/629
f 630/838/625 631/840/627 634/844/630 633/842/628
f 631/840/627 629/841/626 632/845/629 634/844/630
f 632/843/629 633/842/628 636/846/631 635/847/632
f 633/842/628 634/844/630 637/848/633 636/846/631
f 634/844/630 632/845/629 635/849/632 637/848/633
f 635/847/632 636/846/631 639/850/634 638/851/635
f 636/846/631 637/848/633 640/852/636 639/850/634
f 637/848/633 635/849/632 638/853/635 640/852/636
f 638/851/635 639/850/634 642/854/637 641/855/638
f 639/850/634 640/852/636 643/856/639 642/854/637
f 640/852/636 638/853/635 641/857/638 643/856/639
f 641/855/638 642/854/637 645/858/640 644/859/641
f 642/854/637 643/856/639 646/860/642 645/858/640
f 643/856/639 641/857/638 644/861/641 646/860/642
f 644/859/641 645/858/640 648/862/643 647/863/644
f 645/858/640 646/860/642 649/864/645 648/862/643
f 646/860/642 644/861/641 647/865/644 649/864/645
f 647/863/644 648/862/643 651/866/646 650/867/647
f 648/862/643 649/864/645 652/868/648 651/866/646
f 649/864/645 647/865/644 650/869/647 652/868/648
f 650/867/647 651/866/646 654/870/649 653/871/650
f 651/866/646 652/868/648 655/872/651 654/870/649
f 652/868/648 650/869/647 653/873/650 655/872/651
f 653/871/650 654/870/649 657/874/652 656/875/653
f 654/870/649 655/872/651 658/876/654 657/874/652
f 655/872/651 653/873/650 656/877/653 658/876/654
f 656/875/653 657/874/652 660/878/655 659/879/656
f 657/874/652 658/876/654 661/880/657 660/878/655
f 658/876/654 656/877/653 659/881/656 661/880/657
f 659/879/656 660/878/655 663/882/658 662/883/659
f 660/878/655 661/880/657 664/884/660 663/882/658
f 661/880/657 659/881/656 662/885/659 664/884/660
f 662/883/659 663/882/658 666/886/661 665/887/662
f 663/882/658 664/884/660 667/888/663 666/886/661
f 664/884/660 662/885/659 665/889/662 667/888/663
f 665/887/662 666/886/661 669/890/664 668/891/665
f 666/886/661 667/888/663 670/892/666 669/890/664
f 667/888/663 665/889/662 668/893/665 670/892/666
f 668/891/665 669/890/664 672/894/667 671/895/668
f 669/890/664 670/892/666 673/896/669 672/894/667
f 670/892/666 668/893/665 671/897/668 673/896/669
f 671/895/668 672/894/667 675/898/670 674/899/671
f 672/894/667 673/896/669 676/900/672 675/898/670
f 673/896/669 671/897/668 674/901/671 676/900/672
f 674/899/671 675/898/670 678/902/673 677/903/674
f 675/898/670 676/900/672 679/904/675 678/902/673
f 676/900/672 674/901/671 677/905/674 679/904/675
f 677/903/674 678/902/673 549/906/545 548/907/544
f 678/902/673 679/904/675 550/908/548 549/906/545
f 679/904/675 677/905/674 548/909/544 550/908/548
f 680/30/676 681/31/677 684/910/678 683/911/679
f 681/31/677 682/34/680 685/912/681 684/910/678
f 682/34/680 680/36/676 683/913/679 685/912/681
f 683/911/679 684/910/678 687/914/682 686/915/683
f 684/910/678 685/912/681 688/916/684 687/914/682
f 685/912/681 683/913/679 686/917/683 688/916/684
f 686/915/683 687/914/682 690/918/685 689/919/686
f 687/914/682 688/916/684 691/920/687 690/918/685
f 688/916/684 686/917/683 689/921/686 691/920/687
f 689/919/686 690/918/685 693/922/688 692/923/689
f 690/918/685 691/920/687 694/924/690 693/922/688
f 691/920/687 689/921/686 692/925/689 694/924/690
f 692/923/689 693/922/688 696/926/691 695/927/692
f 693/922/688 694/924/690 697/928/693 696/926/691
f 694/924/690 692/925/689 695/929/692 697/928/693
f 695/927/692 696/926/691 699/930/694 698/931/695
f 696/926/691 697/928/693 700/932/696 699/930/694
f 697/928/693 695/929/692 698/933/695 700/932/696
f 698/931/695 699/930/694 702/934/697 701/935/698
f 699/930/694 700/932/696 703/936/699 702/934/697
f 700/932/696 698/933/695 701/937/698 703/936/699
f 701/935/698 702/934/697 705/938/700 704/939/701
f 702/934/697 703/936/699 706/940/702 705/938/700
f 703/936/699 701/937/698 704/941/701 706/940/702
f 704/939/701 705/938/700 708/942/703 707/943/704
f 705/938/700 706/940/702 709/944/705 708/942/703
f 706/940/702 704/941/701 707/945/704 709/944/705
f 707/943/704 708/942/703 711/946/706 710/947/707
f 708/942/703 709/944/705 712/948/708 711/946/706
f 709/944/705 707/945/704 710/949/707 712/948/708
f 710/947/707 711/946/706 714/950/709 713/951/710
f 711/946/706 712/948/708 715/952/711 714/950/709
f 712/948/708 710/949/707 713/953/710 715/952/711
f 713/951/710 714/950/709 717/954/712 716/955/713
f 714/950/709 715/952/711 718/956/714 717/954/712
f 715/952/711 713/953/710 716/957/713 718/956/714
f 716/955/713 717/954/712 720/958/715 719/959/716
f 717/954/712 718/956/714 721/960/717 720/958/715
f 718/956/714 716/957/713 719/961/716 721/960/717
f 719/959/716 720/958/715 723/962/718 722/963/719
f 720/958/715 721/960/717 724/964/720 723/962/718
f 721/960/717 719/961/716 722/965/719 724/964/720
f 722/963/719 723/962/718 726/966/721 725/967/722
f 723/962/718 724/964/720 727/968/723 726/966/721
f 724/964/720 722/965/719 725/969/722 727/968/723
f 725/967/722 726/966/721 729/970/724 728/971/725
f 726/966/721 727/968/723 730/972/726 729/970/724
f 727/968/723 725/969/722 728/973/725 730/972/726
f 728/971/725 729/970/724 732/974/727 731/975/728
f 729/970/724 730/972/726 733/976/729 732/974/727
f 730/972/726 728/973/725 731/977/728 733/976/729
f 731/975/728 732/974/727 735/978/730 734/979/731
f 732/974/727 733/976/729 736/980/732 735/978/730
f 733/976/729 731/977/728 734/981/731 736/980/732
f 734/979/731 735/978/730 738/982/733 737/983/734
f 735/978/730 736/980/732 739/984/735 738/982/733
f 736/980/732 734/981/731 737/985/734 739/984/735
f 737/983/734 738/982/733 741/986/736 740/987/737
f 738/982/733 739/984/735 742/988/738 741/986/736
f 739/984/735 737/985/734 740/989/737 742/988/738
f 740/987/737 741/986/736 744/990/739 743/991/740
f 741/986/736 742/988/738 745/992/741 744/990/739
f 742/988/738 740/989/737 743/993/740 745/992/741
f 743/991/740 744/990/739 747/994/742 746/995/743
f 744/990/739 745/992/741 748/996/744 747/994/742
f 745/992/741 743/993/740 746/997/743 748/996/744
f 746/995/743 747/994/742 750/998/745 749/999/746
f 747/994/742 748/996/744 751/1000/747 750/998/745
f 748/996/744 746/997/743 749/1001/746 751/1000/747
f 749/999/746 750/998/745 753/1002/748 752/1003/749
f 750/998/745 751/1000/747 754/1004/750 753/1002/748
f 751/1000/747 749/1001/746 752/1005/749 754/1004/750
f 752/1003/749 753/1002/748 756/1006/751 755/1007/752
f 753/1002/748 754/1004/750 757/1008/753 756/1006/751
f 754/1004/750 752/1005/749 755/1009/752 757/1008/753
f 755/1007/752 756/1006/751 759/1010/754 758/1011/755
f 756/1006/751 757/1008/753 760/1012/756 759/1010/754
f 757/1008/753 755/1009/752 758/1013/755 760/1012/756
f 758/1011/755 759/1010/754 762/1014/757 761/1015/758
f 759/1010/754 760/1012/756 763/1016/759 762/1014/757
f 760/1012/756 758/1013/755 761/1017/758 763/1016/759
f 761/1015/758 762/1014/757 765/1018/760 764/1019/761
f 762/1014/757 763/1016/759 766/1020/762 765/1018/760
f 763/1016/759 761/1017/758 764/1021/761 766/1020/762
f 764/1019/761 765/1018/760 768/1022/763 767/1023/764
f 765/1018/760 766/1020/762 769/1024/765 768/1022/763
f 766/1020/762 764/1021/761 767/1025/764 769/1024/765
f 767/1023/764 768/1022/763 681/1026/677 680/1027/676
f 768/1022/763 769/1024/765 682/1028/680 681/1026/677
f 769/1024/765 767/1025/764 680/1029/676 682/1028/680
f 770/30/766 771/31/767 774/1030/768 773/1031/769
f 771/31/767 772/34/770 775/1032/771 774/1030/768
f 772/34/770 770/36/766 773/1033/769 775/1032/771
f 773/1031/769 774/1030/768 777/1034/772 776/1035/773
f 774/1030/768 775/1032/771 778/1036/774 777/1034/772
f 775/1032/771 773/1033/769 776/1037/773 778/1036/774
f 776/1035/773 777/1034/772 780/1038/775 779/1039/776
f 777/1034/772 778/1036/774 781/1040/777 780/1038/775
f 778/1036/774 776/1037/773 779/1041/776 781/1040/777
f 779/1039/776 780/1038/775 783/1042/778 782/1043/779
f 780/1038/775 781/1040/777 784/1044/780 783/1042/778
f 781/1040/777 779/1041/776 782/1045/779 784/1044/780
f 782/1043/779 783/1042/778 786/1046/781 785/1047/782
f 783/1042/778 784/1044/780 787/1048/783 786/1046/781
f 784/1044/780 782/1045/779 785/1049/782 787/1048/783
f 785/1047/782 786/1046/781 789/1050/784 788/1051/785
f 786/1046/781 787/1048/783 790/1052/786 789/1050/784
f 787/1048/783 785/1049/782 788/1053/785 790/1052/786
f 788/1051/785 789/1050/784 792/1054/787 791/1055/788
f 789/1050/784 790/1052/786 793/1056/789 792/1054/787
f 790/1052/786 788/1053/785 791/1057/788 793/1056/789
f 791/1055/788 792/1054/787 795/1058/790 794/1059/791
f 792/1054/787 793/1056/789 796/1060/792 795/1058/790
f 793/1056/789 791/1057/788 794/1061/791 796/1060/792
f 794/1059/791 795/1058/790 798/1062/793 797/1063/794
f 795/1058/790 796/1060/792 799/1064/795 798/1062/793
f 796/1060/792 794/1061/791 797/1065/794 799/1064/795
f 797/1063/794 798/1062/793 801/1066/796 800/1067/797
f 798/1062/793 799/1064/795 802/1068/798 801/1066/796
f 799/1064/795 797/1065/794 800/1069/797 802/1068/798
f 800/1067/797 801/1066/796 804/1070/799 803/1071/800
f 801/1066/796 802/1068/798 805/1072/801 804/1070/799
f 802/1068/798 800/1069/797 803/1073/800 805/1072/801
f 803/1071/800 804/1070/799 807/1074/802 806/1075/803
f 804/1070/799 805/1072/801 808/1076/804 807/1074/802
f 805/1072/801 803/1073/800 806/1077/803 808/1076/804
f 806/1075/803 807/1074/802 810/1078/805 809/1079/806
f 807/1074/802 808/1076/804 811/1080/807 810/1078/805
f 808/1076/804 806/1077/803 809/1081/806 811/1080/807
f 809/1079/806 810/1078/805 813/1082/808 812/1083/809
f 810/1078/805 811/1080/807 814/1084/810 813/1082/808
f 811/1080/807 809/1081/806 812/1085/809 814/1084/810
f 812/1083/809 813/1082/808 816/1086/811 815/1087/812
f 813/1082/808 814/1084/810 817/1088/813 816/1086/811
f 814/1084/810 812/1085/809 815/1089/812 817/1088/813
f 815/1087/812 816/1086/811 819/1090/814 818/1091/815
f 816/1086/811 817/1088/813 820/1092/816 819/1090/814
f 817/1088/813 815/1089/812 818/1093/815 820/1092/816
f 818/1091/815 819/1090/814 771/1094/767 770/1095/766
f 819/1090/814 820/1092/816 772/1096/770 771/1094/767
f 820/1092/816 818/1093/815 770/1097/766 772/1096/770
f 821/30/817 822/31/818 825/1098/819 824/1099/820
f 822/31/818 823/34/821 826/1100/822 825/1098/819
f 823/34/821 821/36/817 824/1101/820 826/1100/822
f 824/1099/820 825/1098/819 828/1102/823 827/1103/824
f 825/1098/819 826/1100/822 829/1104/825 828/1102/823
f 826/1100/822 824/1101/820 827/1105/824 829/1104/825
f 827/1103/824 828/1102/823 831/1106/826 830/1107/827
f 828/1102/823 829/1104/825 832/1108/828 831/1106/826
f 829/1104/825 827/1105/824 830/1109/827 832/1108/828
f 830/1107/827 831/1106/826 834/1110/829 833/1111/830
f 831/1106/826 832/1108/828 835/1112/831 834/1110/829
f 832/1108/828 830/1109/827 833/1113/830 835/1112/831
f 833/1111/830 834/1110/829 837/1114/832 836/1115/833
f 834/1110/829 835/1112/831 838/1116/834 837/1114/832
f 835/1112/831 833/1113/830 836/1117/833 838/1116/834
f 836/1115/833 837/1114/832 840/1118/835 839/1119/836
f 837/1114/832 838/1116/834 841/1120/837 840/1118/835
f 838/1116/834 836/1117/833 839/1121/836 841/1120/837
f 839/1119/836 840/1118/835 822/1122/818 821/1123/817
f 840/1118/835 841/1120/837 823/1124/821 822/1122/818
f 841/1120/837 839/1121/836 821/1125/817 823/1124/821
f 842/30/838 843/31/839 846/426/840 845/427/841
f 843/31/839 844/34/842 847/428/843 846/426/840
f 844/34/842 842/36/838 845/429/841 847/428/843
f 845/427/841 846/426/840 849/1126/844 848/1127/845
f 846/426/840 847/428/843 850/1128/846 849/1126/844
f 847/428/843 845/429/841 848/1129/845 850/1128/846
f 844/34/542 843/31/542 842/36/542
f 848/1129/847 849/1126/847 850/1128/847
f 851/1130/848 852/1131/849 855/1131/849 854/1130/848
f 852/1131/849 853/1132/850 856/1132/850 855/1131/849
f 853/1132/850 851/1133/848 854/1133/848 856/1132/850
f 853/1134/851 852/1135/851 851/1136/851
f 854/1133/852 855/1131/852 856/1132/852
f 857/1137/853 858/1138/854 859/1139/855
f 859/1139/855 860/1140/856 861/1141/857
f 861/1141/857 860/1140/856 862/1142/858
f 862/1142/858 858/1138/854 857/1137/853
f 863/1139/859 864/1143/860 865/1141/861
f 866/1137/862 867/1143/863 863/1139/859
f 868/1142/864 864/1143/860 866/1137/862
f 865/1141/861 869/1144/865 868/1142/864
f 858/1138/854 862/1142/858 870/1145/866
f 858/1138/854 871/1146/867 872/1147/868
f 870/1145/866 862/1142/858 860/1140/856
f 870/1145/866 873/1148/869 858/1138/854
f 860/1140/856 859/1139/855 872/1147/868
f 860/1140/856 873/1148/869 870/1145/866
f 872/1147/868 859/1139/855 858/1138/854
f 872/1147/868 871/1146/867 860/1140/856
f 874/1149/870 858/1138/854 873/1148/869
f 874/1149/870 871/1146/867 858/1138/854
f 873/1148/869 860/1140/856 875/1150/871
f 873/1148/869 871/1146/867 874/1149/870
f 875/1150/871 860/1140/856 871/1146/867
f 875/1150/871 871/1146/867 873/1148/869
f 876/1151/872 868/1142/864 877/1151/873
f 876/1144/872 865/1141/861 864/1143/860
f 877/1151/873 868/1142/864 869/1144/865
f 877/1151/873 869/1144/865 876/1151/872
f 869/1144/865 865/1141/861 876/1144/872
f 864/1143/860 863/1139/859 878/1152/874
f 864/1143/860 868/1142/864 876/1151/872
f 878/1152/874 863/1139/859 867/1143/863
f 878/1152/874 867/1143/863 864/1152/860
f 867/1143/863 866/1137/862 864/1143/860
f 879/1153/875 880/1154/876 881/1155/876
f 879/1153/875 882/1156/877 883/1156/875
f 884/1155/878 880/1154/876 885/1154/878
f 884/1155/878 882/1156/877 886/1153/877
f 886/1153/877 882/1156/877 879/1153/875
f 883/1156/875 880/1154/876 879/1153/875
f 880/1154/876 884/1155/878 881/1155/876
f 885/1154/878 882/1156/877 884/1155/878
f 887/1153/875 888/1154/876 889/1155/876
f 887/1153/875 890/1156/877 891/1156/875
f 892/1155/878 888/1154/876 893/1154/878
f 892/1155/878 890/1156/877 894/1153/877
f 894/1153/877 890/1156/877 887/1153/875
f 891/1156/875 888/1154/876 887/1153/875
f 888/1154/876 892/1155/878 889/1155/876
f 893/1154/878 890/1156/877 892/1155/878
f 857/1153/876 863/1156/876 862/1153/878
f 859/1155/875 863/1156/876 857/1153/876
f 859/1155/875 868/1154/877 866/1154/875
f 861/1155/877 868/1154/877 859/1155/875
f 862/1153/878 863/1156/876 865/1156/878
f 862/1153/878 868/1154/877 861/1155/877
f 866/1154/875 863/1156/876 859/1155/875
f 865/1156/878 868/1154/877 862/1153/878
f 879/1137/855 895/1145/856 886/1142/857
f 879/1137/855 896/1147/854 897/1138/868
f 881/1139/853 896/1147/854 879/1137/855
f 884/1141/858 896/1147/854 881/1139/853
f 886/1142/857 895/1145/856 884/1141/858
f 883/1139/862 898/1152/863 880/1137/859
f 880/1137/859 899/1143/860 885/1142/861
f 885/1142/861 900/1151/865 882/1141/864
f 882/1141/864 899/1152/860 883/1139/862
f 897/1138/868 901/1149/867 895/1145/856
f 895/1145/856 879/1137/855 897/1138/868
f 895/1145/856 902/1150/869 903/1140/866
f 903/1140/866 884/1141/858 895/1145/856
f 903/1140/866 902/1150/869 896/1147/854
f 896/1147/854 884/1141/858 903/1140/866
f 896/1147/854 901/1149/867 897/1138/868
f 901/1149/867 896/1147/854 904/1146/870
f 901/1149/867 902/1150/869 905/1148/871
f 905/1148/871 895/1145/856 901/1149/867
f 902/1150/869 895/1145/856 905/1148/871
f 902/1150/869 901/1149/867 904/1146/870
f 904/1146/870 896/1147/854 902/1150/869
f 906/1151/872 885/1142/861 899/1143/860
f 906/1151/872 882/1141/864 907/1144/873
f 906/1144/872 907/1144/873 900/1151/865
f 900/1151/865 885/1142/861 906/1151/872
f 907/1144/873 882/1141/864 900/1151/865
f 899/1143/860 880/1137/859 908/1143/879
f 899/1152/860 882/1141/864 906/1151/872
f 899/1143/860 908/1143/879 898/1152/863
f 898/1152/863 883/1139/862 899/1152/860
f 908/1143/879 880/1137/859 898/1152/863
f 887/1137/855 909/1145/856 894/1142/857
f 887/1137/855 910/1147/854 911/1138/868
f 889/1139/853 910/1147/854 887/1137/855
f 892/1141/858 910/1147/854 889/1139/853
f 894/1142/857 909/1145/856 892/1141/858
f 891/1139/862 912/1152/863 888/1137/859
f 888/1137/859 913/1143/860 893/1142/861
f 893/1142/861 914/1151/865 890/1141/880
f 890/1141/880 913/1152/860 891/1139/862
f 911/1138/868 915/1149/867 909/1145/856
f 909/1145/856 887/1137/855 911/1138/868
f 909/1145/856 916/1150/869 917/1140/866
f 917/1140/866 892/1141/858 909/1145/856
f 917/1140/866 916/1150/869 910/1147/854
f 910/1147/854 892/1141/858 917/1140/866
f 910/1147/854 915/1149/867 911/1138/868
f 915/1149/867 910/1147/854 918/1146/870
f 915/1149/867 916/1150/869 919/1148/871
f 919/1148/871 909/1145/856 915/1149/867
f 916/1150/869 909/1145/856 919/1148/871
f 916/1150/869 915/1149/867 918/1146/870
f 918/1146/870 910/1147/854 916/1150/869
f 920/1151/872 893/1142/861 913/1143/860
f 920/1151/872 890/1141/880 921/1144/873
f 920/1144/872 921/1144/873 914/1151/865
f 914/1151/865 893/1142/861 920/1151/872
f 921/1144/873 890/1141/880 914/1151/865
f 913/1143/860 888/1137/859 922/1143/879
f 913/1152/860 890/1141/880 920/1151/872
f 913/1143/860 922/1143/879 912/1152/863
f 912/1152/863 891/1139/862 913/1152/860
f 922/1143/879 888/1137/859 912/1152/863
