# Blender 5.1.2
# www.blender.org
mtllib pylons.mtl
o Pylon_Large
v -3.374985 0.923313 32.792549
v -3.449985 0.923313 32.942547
v -3.374985 1.073313 32.867546
v -3.299985 0.923313 32.942547
v -3.269656 -0.820630 34.507332
v -3.344656 -0.670630 34.432331
v -3.269656 -0.670630 34.582333
v -3.194656 -0.670630 34.432331
v -3.364030 0.686141 34.432400
v -3.289030 0.686141 34.582401
v -3.289030 0.836141 34.507401
v -3.214030 0.686141 34.432400
v -3.375009 -1.038698 32.842438
v -3.375009 -0.888698 32.767437
v -3.450009 -0.888698 32.917439
v -3.300009 -0.888698 32.917439
v -6.466102 0.704914 34.444050
v -6.466102 0.704914 34.594051
v -6.616101 0.854915 34.519051
v -6.621882 -0.804724 34.519493
v -6.471882 -0.654724 34.444492
v -6.471882 -0.654724 34.594494
v -6.816523 -1.052035 32.851841
v -6.741523 -0.902035 32.776840
v -6.741523 -0.902035 32.926842
v -6.741523 0.902035 32.776840
v -6.741523 0.902035 32.926842
v -6.816523 1.052035 32.851841
v 3.374985 0.923313 32.792549
v 3.449985 0.923313 32.942547
v 3.344656 -0.670630 34.432331
v 3.364030 0.686141 34.432400
v 3.364030 0.836141 34.432400
v 3.375009 -0.888698 32.767437
v 3.450009 -0.888698 32.917439
v 6.472168 0.852901 34.451012
v 6.481889 -0.663684 34.445026
v 6.741523 -0.902035 32.776840
v 3.374985 1.073313 32.867546
v 3.299985 0.923313 32.942547
v 3.269656 -0.820630 34.507332
v 3.269656 -0.670630 34.582333
v 3.194656 -0.670630 34.432331
v 3.289030 0.686141 34.582401
v 3.289030 0.836141 34.507401
v 3.214030 0.686141 34.432400
v 3.375009 -1.038698 32.842438
v 3.300009 -0.888698 32.917439
v 6.466102 0.704914 34.444050
v 6.466102 0.704914 34.594051
v 6.616101 0.854915 34.519051
v 6.621882 -0.804724 34.519493
v 6.471882 -0.654724 34.444492
v 6.471882 -0.654724 34.594494
v 6.816523 -1.052035 32.851841
v 6.741523 -0.902035 32.926842
v 6.741523 0.902035 32.776840
v 6.741523 0.902035 32.926842
v 6.816523 1.052035 32.851841
v -6.472168 0.852901 34.451012
v -6.481889 -0.663684 34.445026
v -7.388704 -1.542184 29.477427
v -7.388704 -1.392184 29.477427
v -7.238704 -1.542184 29.477427
v -7.238704 -1.392184 29.402426
v -7.238704 -1.392184 29.552427
v -1.509739 -2.684830 21.410965
v -1.509739 -2.684830 21.560966
v -1.509739 -2.534830 21.410965
v -1.509739 -2.534830 21.560966
v -4.792503 -2.467876 23.081551
v -4.792503 -2.317876 23.081551
v -4.642504 -2.467876 22.931553
v -4.642504 -2.467876 23.081551
v -4.642504 -2.317876 22.931553
v -4.642504 -2.317876 23.081551
v -3.945956 -2.211323 24.722595
v -3.945956 -2.211323 24.872597
v -3.945956 -2.061323 24.722595
v -3.945956 -2.061323 24.872597
v -3.795956 -2.211323 24.872597
v -3.795956 -2.061323 24.872597
v -5.541842 -2.050694 24.799232
v -5.541842 -2.050694 24.949234
v -5.391842 -2.050694 24.949234
v -6.071077 -2.011992 26.268326
v -6.071077 -1.861992 26.268326
v -5.921078 -2.011992 26.118324
v -5.921078 -2.011992 26.268326
v -5.921078 -1.861992 26.118324
v -5.921078 -1.861992 26.268326
v -6.077298 -1.797072 27.619797
v -6.077298 -1.797072 27.769798
v -6.077298 -1.647072 27.769798
v -5.927299 -1.797072 27.769798
v -5.927299 -1.647072 27.769798
v -3.399971 -2.964390 19.535734
v -3.399971 -2.814391 19.460733
v -3.249971 -2.964390 19.460733
v -3.249971 -2.964390 19.610735
v -3.249971 -2.814391 19.460733
v -3.249971 -2.814391 19.610735
v -7.388704 1.542184 29.477427
v -7.388704 1.392184 29.477427
v -7.238704 1.542184 29.477427
v -7.238704 1.392184 29.402426
v -7.238704 1.392184 29.552427
v -1.509739 2.684830 21.410965
v -1.509739 2.684830 21.560966
v -1.509739 2.534830 21.410965
v -1.509739 2.534830 21.560966
v -4.792503 2.467876 23.081551
v -4.792503 2.317876 23.081551
v -4.642504 2.467876 22.931553
v -4.642504 2.467876 23.081551
v -4.642504 2.317876 22.931553
v -4.642504 2.317876 23.081551
v -3.945956 2.211323 24.722595
v -3.945956 2.211323 24.872597
v -3.945956 2.061323 24.722595
v -3.945956 2.061323 24.872597
v -3.795956 2.211323 24.872597
v -3.795956 2.061323 24.872597
v -5.541842 2.050694 24.799232
v -5.541842 2.050694 24.949234
v -5.391842 2.050694 24.949234
v -6.071077 2.011992 26.268326
v -6.071077 1.861992 26.268326
v -5.921078 2.011992 26.118324
v -5.921078 2.011992 26.268326
v -5.921078 1.861992 26.118324
v -5.921078 1.861992 26.268326
v -6.077298 1.797072 27.619797
v -6.077298 1.797072 27.769798
v -6.077298 1.647072 27.769798
v -5.927299 1.797072 27.769798
v -5.927299 1.647072 27.769798
v -3.399973 2.948995 19.533155
v -3.399973 2.798995 19.458155
v -3.249974 2.948995 19.458155
v -3.249974 2.948995 19.608156
v -3.249971 2.814391 19.460733
v -3.249974 2.798995 19.608156
v 0.075026 2.948299 19.608059
v 7.388704 -1.542184 29.477427
v 7.388704 -1.392184 29.477427
v 7.238704 -1.542184 29.477427
v 7.238704 -1.392184 29.402426
v 7.238704 -1.392184 29.552427
v 1.509739 -2.684830 21.410965
v 1.509739 -2.684830 21.560966
v 1.509739 -2.534830 21.410965
v 1.509739 -2.534830 21.560966
v 4.792503 -2.467876 23.081551
v 4.792503 -2.317876 23.081551
v 4.642504 -2.467876 22.931553
v 4.642504 -2.467876 23.081551
v 4.642504 -2.317876 22.931553
v 4.642504 -2.317876 23.081551
v 3.945956 -2.211323 24.722595
v 3.945956 -2.211323 24.872597
v 3.945956 -2.061323 24.722595
v 3.945956 -2.061323 24.872597
v 3.795956 -2.211323 24.872597
v 3.795956 -2.061323 24.872597
v 5.541842 -2.050694 24.799232
v 5.541842 -2.050694 24.949234
v 5.391842 -2.050694 24.949234
v 6.071077 -2.011992 26.268326
v 6.071077 -1.861992 26.268326
v 5.921078 -2.011992 26.118324
v 5.921078 -2.011992 26.268326
v 5.921078 -1.861992 26.118324
v 5.921078 -1.861992 26.268326
v 6.077298 -1.797072 27.619797
v 6.077298 -1.797072 27.769798
v 6.077298 -1.647072 27.769798
v 5.927299 -1.797072 27.769798
v 5.927299 -1.647072 27.769798
v 3.400029 -2.963000 19.535538
v 3.400029 -2.813000 19.460537
v 3.250029 -2.963000 19.460537
v 3.250029 -2.963000 19.610538
v 3.249971 -2.814391 19.460733
v 3.250029 -2.813000 19.610538
v 0.075000 -2.813694 19.460638
v 0.075000 -2.813694 19.610640
v 0.000005 -2.963695 19.460638
v -0.074985 -2.963694 19.610640
v -0.075000 -2.813694 19.460638
v -0.075000 -2.813694 19.610640
v 7.388704 1.542184 29.477427
v 7.388704 1.392184 29.477427
v 7.238704 1.542184 29.477427
v 7.238704 1.392184 29.402426
v 7.238704 1.392184 29.552427
v 1.509739 2.684830 21.410965
v 1.509739 2.684830 21.560966
v 1.509739 2.534830 21.410965
v 1.509739 2.534830 21.560966
v 4.792503 2.467876 23.081551
v 4.792503 2.317876 23.081551
v 4.642504 2.467876 22.931553
v 4.642504 2.467876 23.081551
v 4.642504 2.317876 22.931553
v 4.642504 2.317876 23.081551
v 3.945956 2.211323 24.722595
v 3.945956 2.211323 24.872597
v 3.945956 2.061323 24.722595
v 3.945956 2.061323 24.872597
v 3.795956 2.211323 24.872597
v 3.795956 2.061323 24.872597
v 5.541842 2.050694 24.799232
v 5.541842 2.050694 24.949234
v 5.391842 2.050694 24.949234
v 6.071077 2.011992 26.268326
v 6.071077 1.861992 26.268326
v 5.921078 2.011992 26.118324
v 5.921078 2.011992 26.268326
v 5.921078 1.861992 26.118324
v 5.921078 1.861992 26.268326
v 6.077298 1.797072 27.619797
v 6.077298 1.797072 27.769798
v 6.077298 1.647072 27.769798
v 5.927299 1.797072 27.769798
v 5.927299 1.647072 27.769798
v 3.400025 2.947603 19.532959
v 3.400025 2.797602 19.457958
v 3.250025 2.947603 19.457958
v 3.250025 2.947603 19.607960
v 3.249971 2.814391 19.460733
v 3.250025 2.797602 19.607960
v 0.000009 2.948298 19.458059
v 0.075000 2.813694 19.460638
v 0.068927 2.800258 19.606911
v -0.074974 2.948299 19.608059
v -0.075000 2.813694 19.460638
v -0.073118 2.799204 19.607510
v 4.960946 5.509105 -0.043565
v 4.960946 5.659105 0.106435
v 5.110945 5.509105 0.106435
v 5.110945 5.659105 -0.043565
v -5.100248 5.524067 0.155357
v -5.100248 5.674067 0.005357
v -4.950248 5.524067 0.005357
v -4.950248 5.674067 0.155357
v -5.100232 -5.747838 0.017679
v -5.100232 -5.597838 0.167679
v -4.950232 -5.747838 0.167679
v -4.950232 -5.597838 0.017679
v 4.940458 -5.688421 0.165510
v 4.940458 -5.538421 0.015510
v 5.090458 -5.688421 0.015510
v 5.090458 -5.538421 0.165510
v -4.182052 -4.094712 10.517381
v -4.182052 -4.094712 10.667380
v -4.032053 -4.244711 10.517381
v -4.032053 -4.244711 10.667380
v -4.032053 -4.094712 10.592381
v 4.032210 -4.242993 10.517134
v 4.032210 -4.242993 10.667133
v 4.032210 -4.092993 10.592134
v 4.182210 -4.092993 10.517134
v 4.182210 -4.092993 10.667133
v 4.032201 4.050746 10.585080
v 4.032201 4.200746 10.510080
v 4.032201 4.200746 10.660080
v 4.182200 4.050746 10.510080
v 4.182200 4.050746 10.660080
v 3.250025 2.797602 19.457958
v 3.400025 2.797602 19.607960
v -3.399973 2.798995 19.608156
v -3.249974 2.798995 19.458155
v -3.399971 -2.814391 19.610735
v 3.250029 -2.813000 19.460537
v 3.400029 -2.813000 19.610538
v -4.182060 4.052464 10.510320
v -4.182060 4.052464 10.660319
v -4.032060 4.052464 10.585320
v -4.032060 4.202464 10.510320
v -4.032060 4.202464 10.660319
v 4.960946 5.659105 -0.043565
v 5.110945 5.509105 -0.043565
v -5.100248 5.524067 0.005357
v -4.950248 5.674067 0.005357
v -5.100232 -5.597838 0.017679
v -4.950232 -5.747838 0.017679
v 4.940458 -5.688421 0.015510
v 5.090458 -5.538421 0.015510
v 0.075015 -2.963694 19.610640
v -7.607467 -1.240624 30.613253
v -7.457467 -1.390624 30.613253
v -7.457467 -1.240624 30.538252
v -7.457467 -1.240624 30.688253
v -7.132120 -1.302139 31.168821
v -7.132120 -1.152139 31.093821
v -7.132120 -1.152139 31.243822
v -6.982121 -1.152139 31.168821
v -7.783625 -1.069795 31.754711
v -7.633625 -1.219795 31.754711
v -7.633625 -1.069795 31.679710
v -7.633625 -1.069795 31.829712
v -6.891523 -0.902035 32.776840
v -6.891523 -0.902035 32.926842
v -7.908737 -1.032781 32.897297
v -7.983737 -0.882781 32.822296
v -7.983737 -0.882781 32.972298
v -7.833737 -0.882781 32.822296
v -7.833737 -0.882781 32.972298
v -7.607467 1.240624 30.613253
v -7.457467 1.390624 30.613253
v -7.457467 1.240624 30.538252
v -7.457467 1.240624 30.688253
v -7.132120 1.302139 31.168821
v -7.132120 1.152139 31.093821
v -7.132120 1.152139 31.243822
v -6.982121 1.152139 31.168821
v -7.783625 1.069795 31.754711
v -7.633625 1.219795 31.754711
v -7.633625 1.069795 31.679710
v -7.633625 1.069795 31.829712
v -6.891523 0.902035 32.776840
v -6.891523 0.902035 32.926842
v -7.908737 1.032781 32.897297
v -7.983737 0.882781 32.822296
v -7.983737 0.882781 32.972298
v -7.833737 0.882781 32.822296
v -7.833737 0.882781 32.972298
v 7.607467 -1.240624 30.613253
v 7.457467 -1.390624 30.613253
v 7.457467 -1.240624 30.538252
v 7.457467 -1.240624 30.688253
v 7.132120 -1.302139 31.168821
v 7.132120 -1.152139 31.093821
v 7.132120 -1.152139 31.243822
v 6.982121 -1.152139 31.168821
v 7.783625 -1.069795 31.754711
v 7.633625 -1.219795 31.754711
v 7.633625 -1.069795 31.679710
v 7.633625 -1.069795 31.829712
v 6.891523 -0.902035 32.776840
v 6.891523 -0.902035 32.926842
v 7.908737 -1.032781 32.897297
v 7.983737 -0.882781 32.822296
v 7.983737 -0.882781 32.972298
v 7.833737 -0.882781 32.822296
v 7.833737 -0.882781 32.972298
v 7.607467 1.240624 30.613253
v 7.457467 1.390624 30.613253
v 7.457467 1.240624 30.538252
v 7.457467 1.240624 30.688253
v 7.132120 1.302139 31.168821
v 7.132120 1.152139 31.093821
v 7.132120 1.152139 31.243822
v 6.982121 1.152139 31.168821
v 7.783625 1.219795 31.754711
v 7.783625 1.069795 31.754711
v 7.633625 1.219795 31.754711
v 7.633625 1.069795 31.679710
v 7.633625 1.069795 31.829712
v 6.891523 0.902035 32.776840
v 6.891523 0.902035 32.926842
v 7.908737 1.032781 32.897297
v 7.983737 0.882781 32.822296
v 7.983737 0.882781 32.972298
v 7.833737 0.882781 32.822296
v 7.833737 0.882781 32.972298
v 8.696610 -0.450119 37.418739
v 8.696610 -0.300119 37.343739
v 8.696610 -0.300119 37.493740
v 8.846610 -0.450119 37.418739
v 8.846610 -0.300119 37.418739
v 9.230098 -0.045236 40.265030
v 9.380097 -0.120236 40.265030
v 9.380097 0.029764 40.265030
v 8.112613 0.692253 34.432583
v 8.112613 0.692253 34.582584
v 8.187613 0.842253 34.507584
v 8.262612 0.692253 34.432583
v 8.262612 0.692253 34.582584
v 8.210598 -0.818391 34.513512
v 8.135598 -0.668391 34.438511
v 8.135598 -0.668391 34.588512
v 8.285598 -0.668391 34.438511
v 8.285598 -0.668391 34.588512
v 6.616101 0.704914 34.444050
v 6.616101 0.704914 34.594051
v 6.621882 -0.654724 34.444492
v 6.621882 -0.654724 34.594494
v 8.675586 0.285040 37.349464
v 8.675586 0.285040 37.499466
v 8.675586 0.435040 37.424465
v 8.825585 0.285040 37.424465
v 8.825585 0.435040 37.424465
v 7.867231 0.269158 37.420746
v 7.867231 0.419158 37.420746
v 8.017232 0.269158 37.345745
v 8.017232 0.269158 37.495747
v 8.017232 0.419158 37.420746
v 7.835841 -0.440271 37.432617
v 7.835841 -0.290271 37.432617
v 7.985842 -0.440271 37.432617
v 7.985842 -0.290271 37.357616
v 7.985842 -0.290271 37.507618
v 10.975882 -0.434361 33.659981
v 10.975882 -0.359361 33.809982
v 10.900882 -0.284361 33.659981
v 11.050881 -0.284361 33.659981
v 10.871145 0.318412 33.628178
v 10.946145 0.393412 33.740677
v 11.021145 0.318412 33.628178
v 10.692510 0.423984 32.828995
v 10.692510 0.423984 32.978996
v 10.767509 0.573984 32.903996
v 10.842509 0.423984 32.828995
v 10.842509 0.423984 32.978996
v 10.780687 -0.567989 32.826973
v 10.705688 -0.417989 32.826973
v 10.705688 -0.417989 32.976974
v 10.855687 -0.417989 32.826973
v 10.855687 -0.417989 32.976974
v 13.596303 -0.075234 32.826237
v 13.596303 -0.000234 32.976238
v 13.596303 0.074767 32.826237
v -8.696610 -0.450119 37.418739
v -8.696610 -0.300119 37.343739
v -8.696610 -0.300119 37.493740
v -8.846610 -0.450119 37.418739
v -8.846610 -0.300119 37.418739
v -9.230098 -0.045236 40.265030
v -9.380097 -0.120236 40.265030
v -9.380097 0.029764 40.265030
v -8.112613 0.692253 34.432583
v -8.112613 0.692253 34.582584
v -8.187613 0.842253 34.507584
v -8.262612 0.692253 34.432583
v -8.262612 0.692253 34.582584
v -8.210598 -0.818391 34.513512
v -8.135598 -0.668391 34.438511
v -8.135598 -0.668391 34.588512
v -8.285598 -0.668391 34.438511
v -8.285598 -0.668391 34.588512
v -6.616101 0.704914 34.444050
v -6.616101 0.704914 34.594051
v -6.621882 -0.654724 34.444492
v -6.621882 -0.654724 34.594494
v -8.675586 0.285040 37.349464
v -8.675586 0.285040 37.499466
v -8.675586 0.435040 37.424465
v -8.825585 0.285040 37.424465
v -8.825585 0.435040 37.424465
v -7.867231 0.269158 37.420746
v -7.867231 0.419158 37.420746
v -8.017232 0.269158 37.345745
v -8.017232 0.269158 37.495747
v -8.017232 0.419158 37.420746
v -7.835841 -0.440271 37.432617
v -7.835841 -0.290271 37.432617
v -7.985842 -0.440271 37.432617
v -7.985842 -0.290271 37.357616
v -7.985842 -0.290271 37.507618
v -10.975882 -0.434361 33.659981
v -10.975882 -0.359361 33.809982
v -10.900882 -0.284361 33.659981
v -11.050881 -0.284361 33.659981
v -10.871145 0.318412 33.628178
v -10.946145 0.393412 33.740677
v -11.021145 0.318412 33.628178
v -10.692510 0.423984 32.828995
v -10.692510 0.423984 32.978996
v -10.767509 0.573984 32.903996
v -10.842509 0.423984 32.828995
v -10.842509 0.423984 32.978996
v -10.780687 -0.567989 32.826973
v -10.705688 -0.417989 32.826973
v -10.705688 -0.417989 32.976974
v -10.855687 -0.417989 32.826973
v -10.855687 -0.417989 32.976974
v -13.596303 -0.075234 32.826237
v -13.596303 -0.000234 32.976238
v -13.596303 0.074767 32.826237
v 0.000000 1.052035 32.851841
v 0.000000 0.854915 34.519051
v -0.076111 0.902035 32.926842
v 0.076111 0.902035 32.926842
v 0.000000 0.902035 32.776840
v 0.000000 -0.902035 32.776840
v 0.076111 -0.902035 32.926842
v -0.076111 -0.902035 32.926842
v 0.000000 -1.052035 32.851841
v 0.000000 0.704914 34.594051
v -0.073002 0.704914 34.444050
v 0.073002 0.704914 34.444050
v 0.073067 -0.654724 34.444492
v -0.073067 -0.654724 34.444492
v 0.000000 -0.654724 34.594494
v 0.000000 -0.804724 34.519493
v -5.487884 -6.135489 -10.369972
v -5.487884 -6.135489 0.555329
v -5.487884 -5.210186 -10.369972
v -5.487884 -5.210186 0.555329
v -4.562580 -6.135489 -10.369972
v -4.562580 -6.135489 0.555329
v -4.562580 -5.210186 -10.369972
v -4.562580 -5.210186 0.555329
v 4.562857 -6.133385 -10.370273
v 4.562857 -6.133386 0.555028
v 4.562857 -5.208082 -10.370273
v 4.562857 -5.208082 0.555028
v 5.488160 -6.133385 -10.370273
v 5.488160 -6.133386 0.555028
v 5.488160 -5.208082 -10.370273
v 5.488160 -5.208082 0.555028
v 4.562841 5.134312 -10.382587
v 4.562841 5.134312 0.542714
v 4.562841 6.059615 -10.382587
v 4.562841 6.059615 0.542714
v 5.488144 5.134312 -10.382587
v 5.488144 5.134312 0.542714
v 5.488144 6.059615 -10.382587
v 5.488144 6.059615 0.542714
v -5.487898 5.136415 -10.382293
v -5.487898 5.136415 0.543009
v -5.487898 6.061718 -10.382293
v -5.487898 6.061718 0.543009
v -4.562595 5.136415 -10.382293
v -4.562595 5.136415 0.543009
v -4.562595 6.061718 -10.382293
v -4.562595 6.061718 0.543009
v -13.424683 -0.185178 32.458225
v -13.345366 -0.264494 32.463623
v -13.795028 -0.185178 32.458225
v -13.874344 0.264483 32.463623
v -13.795028 0.185168 32.458225
v -13.424683 0.185168 32.458225
v -13.424683 -0.185177 28.101980
v -13.609856 -0.356188 27.809954
v -13.424683 0.185168 28.101980
v -13.795028 -0.185177 28.101980
v -13.795028 -0.356188 28.101980
v -13.795028 0.185168 28.101980
v -13.424683 0.356179 28.101980
v -13.345366 0.264483 32.463623
v -13.703485 -0.093634 32.879227
v -13.874344 -0.264494 32.463623
v -13.516227 0.093624 32.879227
v -13.516227 -0.093634 32.879227
v -13.703485 0.093624 32.879227
v -13.609856 0.356179 27.809954
v -13.795028 0.356179 28.101980
v -13.424683 -0.356188 28.101980
v -0.185173 -0.185178 32.458225
v 0.185173 -0.185177 28.101980
v 0.185173 -0.185178 32.458225
v -0.185173 0.185168 28.101980
v -0.185173 -0.185177 28.101980
v 0.185173 0.185168 32.458225
v 0.185173 0.185168 28.101980
v -0.185173 0.185168 32.458225
v 13.424683 -0.185178 32.458225
v 13.795028 -0.185177 28.101980
v 13.795028 -0.185178 32.458225
v 13.424683 0.185168 28.101980
v 13.424683 -0.185177 28.101980
v 13.795028 0.185168 32.458225
v 13.795028 0.185168 28.101980
v 13.424683 0.185168 32.458225
v -0.264489 0.264483 32.463623
v 0.264489 -0.264494 32.463623
v -0.264489 -0.264494 32.463623
v -0.185173 -0.356188 28.101980
v -0.000000 -0.356188 27.809954
v 0.185173 0.356179 28.101980
v -0.093629 -0.093634 32.879227
v 0.093629 0.093624 32.879227
v 0.264489 0.264483 32.463623
v 0.093629 -0.093634 32.879227
v -0.093629 0.093624 32.879227
v -0.000000 0.356179 27.809954
v -0.185173 0.356179 28.101980
v 0.185173 -0.356188 28.101980
v 13.345366 0.264483 32.463623
v 13.874344 -0.264494 32.463623
v 13.345366 -0.264494 32.463623
v 13.424683 -0.356188 28.101980
v 13.609856 -0.356188 27.809954
v 13.795028 0.356179 28.101980
v 13.516227 -0.093634 32.879227
v 13.703485 0.093624 32.879227
v 13.874344 0.264483 32.463623
v 13.703485 -0.093634 32.879227
v 13.516227 0.093624 32.879227
v 13.609856 0.356179 27.809954
v 13.424683 0.356179 28.101980
v 13.795028 -0.356188 28.101980
vn 0.0973 0.9493 0.2989
vn 0.4702 -0.0617 0.8804
vn -0.2895 -0.7112 0.6406
vn -0.0379 0.8967 -0.4411
vn -0.2830 0.0470 0.9580
vn 0.6594 0.7055 0.2595
vn 0.2656 -0.7748 0.5738
vn 0.8540 -0.0072 0.5203
vn -0.0000 0.0139 -0.9999
vn 0.8473 -0.0074 0.5311
vn 0.0406 0.9882 0.1475
vn 0.9230 -0.1999 -0.3288
vn -0.3965 0.5040 0.7673
vn 0.2062 -0.9336 -0.2931
vn -0.2025 -0.8100 0.5503
vn -0.4303 0.1698 0.8866
vn -0.0081 -0.0002 1.0000
vn 0.0081 0.0001 1.0000
vn 0.9227 0.2087 -0.3241
vn -0.4840 -0.6457 -0.5906
vn -0.3839 0.4372 0.8133
vn 0.4595 0.1598 0.8737
vn 0.2416 -0.7778 0.5803
vn -0.0408 -0.8944 -0.4454
vn 0.2534 0.7808 0.5711
vn 0.0490 -0.9900 0.1325
vn 0.2038 0.9337 -0.2943
vn -0.3957 -0.5074 0.7655
vn -0.4316 -0.1686 0.8862
vn -0.2078 0.8080 0.5513
vn -0.4404 -0.6619 0.6066
vn -0.6898 0.2973 -0.6601
vn 0.2434 0.7780 0.5792
vn 0.4568 -0.1600 0.8751
vn -0.9313 -0.2418 -0.2722
vn -0.9352 0.2309 -0.2684
vn 0.4754 0.0602 0.8777
vn 0.0960 -0.9488 0.3009
vn -0.2739 0.7088 0.6501
vn -0.8540 -0.0072 0.5203
vn -0.8473 -0.0073 0.5311
vn 0.9111 0.1721 -0.3746
vn -0.0796 -0.9246 -0.3725
vn -0.0161 0.2164 -0.9762
vn -0.3403 0.5919 -0.7306
vn 0.4058 0.2302 -0.8845
vn 0.2803 0.6738 -0.6837
vn -0.3406 -0.5865 -0.7349
vn -0.0163 -0.2170 -0.9760
vn 0.4086 -0.2303 -0.8832
vn 0.2850 -0.6720 -0.6835
vn -0.0973 0.9493 0.2988
vn 0.0379 0.8967 -0.4411
vn 0.2895 -0.7112 0.6406
vn -0.4702 -0.0617 0.8804
vn -0.9137 -0.1555 -0.3753
vn 0.0260 0.9390 -0.3429
vn 0.0163 -0.2170 -0.9760
vn -0.8473 -0.0074 0.5311
vn -0.0406 0.9882 0.1475
vn -0.2656 -0.7748 0.5738
vn -0.9230 -0.1999 -0.3288
vn 0.3965 0.5040 0.7673
vn 0.4303 0.1698 0.8866
vn 0.2025 -0.8100 0.5503
vn -0.2062 -0.9336 -0.2931
vn -0.9227 0.2087 -0.3241
vn -0.0081 0.0001 1.0000
vn 0.0081 -0.0002 1.0000
vn 0.3899 -0.6168 -0.6838
vn 0.6097 0.1186 -0.7837
vn 0.2724 0.7228 -0.6351
vn -0.2416 -0.7778 0.5803
vn 0.0408 -0.8944 -0.4454
vn -0.0490 -0.9900 0.1325
vn -0.2534 0.7808 0.5711
vn -0.2038 0.9337 -0.2943
vn 0.2078 0.8080 0.5513
vn 0.4316 -0.1686 0.8862
vn 0.3957 -0.5074 0.7655
vn 0.4229 -0.5903 0.6875
vn 0.7342 0.3247 -0.5962
vn 0.2764 -0.7183 -0.6385
vn -0.4568 -0.1600 0.8751
vn 0.9313 -0.2418 -0.2722
vn 0.9352 0.2309 -0.2684
vn -0.4754 0.0602 0.8777
vn 0.2739 0.7088 0.6501
vn -0.0960 -0.9488 0.3009
vn 0.8473 -0.0073 0.5311
vn -0.7279 0.6848 0.0339
vn 0.2900 -0.0484 0.9558
vn 0.0161 0.2164 -0.9762
vn 0.3403 0.5919 -0.7306
vn -0.4058 0.2302 -0.8845
vn -0.2803 0.6738 -0.6837
vn 0.3406 -0.5865 -0.7349
vn -0.2850 -0.6720 -0.6835
vn -0.4086 -0.2303 -0.8832
vn 0.7037 -0.0000 -0.7105
vn 0.7037 0.0002 0.7105
vn 0.7037 -0.0000 0.7105
vn 0.7037 -0.0002 -0.7105
vn 1.0000 -0.0000 -0.0000
vn 0.7046 -0.0000 0.7096
vn 0.7057 -0.7085 0.0001
vn 0.4967 -0.7360 0.4600
vn 0.7166 0.4869 0.4993
vn 0.4429 0.8692 0.2199
vn 0.4492 -0.7544 0.4786
vn 0.7067 -0.0001 0.7075
vn -0.7067 -0.0000 0.7075
vn -0.5773 -0.5778 0.5769
vn 0.5774 -0.5773 0.5774
vn -0.5282 0.7685 0.3612
vn -0.2667 -0.8916 0.3658
vn -0.6486 -0.4147 0.6382
vn -0.7053 0.4233 0.5687
vn 0.6194 0.7005 0.3544
vn 0.5765 -0.6338 0.5157
vn 0.6415 -0.5341 0.5506
vn 0.7357 0.4884 0.4693
vn -0.6025 -0.7123 -0.3600
vn -0.3147 -0.9353 -0.1618
vn -0.4764 -0.8283 -0.2949
vn -0.4755 -0.8428 -0.2522
vn -0.7384 0.5983 -0.3112
vn 0.2375 0.8671 0.4378
vn 0.1412 0.9677 -0.2090
vn 0.2032 -0.8592 0.4696
vn 0.2088 -0.8114 0.5460
vn 0.3234 0.7649 0.5571
vn 0.1491 -0.9865 -0.0673
vn -0.7326 -0.6345 -0.2463
vn 0.4388 -0.8609 0.2576
vn 0.8406 0.3813 0.3847
vn 0.0690 -0.9777 -0.1984
vn 0.7598 -0.6063 0.2347
vn 0.7910 -0.5654 0.2337
vn 0.6967 0.6160 0.3676
vn 0.1143 0.9932 -0.0217
vn 0.4951 -0.7582 0.4242
vn -0.0989 -0.9897 0.1034
vn -0.4106 -0.7473 -0.5225
vn 0.4628 0.8594 0.2176
vn 0.5761 -0.6337 0.5162
vn 0.7298 0.5009 0.4653
vn 0.1143 -0.9932 -0.0217
vn -0.7590 -0.5911 -0.2731
vn -0.5145 -0.8525 -0.0925
vn 0.6967 -0.6160 0.3676
vn -0.8200 0.4799 -0.3120
vn 0.7598 0.6063 0.2347
vn 0.7911 0.5653 0.2337
vn -0.6146 0.7012 -0.3614
vn -0.7141 0.6229 -0.3196
vn 0.3227 0.8527 0.4107
vn 0.0690 0.9777 -0.1984
vn 0.2871 -0.8447 0.4518
vn -0.0149 0.9999 0.0048
vn -0.8401 0.4800 -0.2527
vn 0.6933 -0.6105 0.3830
vn 0.7803 0.5768 0.2416
vn 0.5584 0.8221 0.1114
vn 0.5883 -0.7260 0.3561
vn -0.7071 -0.7071 -0.0000
vn -0.5766 -0.8082 -0.1200
vn -0.6258 0.6586 -0.4179
vn -0.4261 0.7928 -0.4358
vn -0.7179 -0.4831 -0.5012
vn -0.2699 -0.7668 0.5824
vn 0.5842 0.7049 -0.4023
vn 0.6486 0.4147 -0.6382
vn 0.2667 0.8916 -0.3658
vn -0.0000 -1.0000 -0.0000
vn -0.5462 -0.8265 -0.1361
vn -0.2357 -0.2357 -0.9428
vn -0.7562 -0.6475 0.0943
vn -0.3794 0.9157 -0.1327
vn -0.7350 0.6707 -0.0992
vn -0.6986 -0.7079 0.1036
vn 0.9005 -0.4294 0.0684
vn 0.6430 -0.7569 0.1167
vn 0.6721 0.7334 -0.1022
vn 0.7381 0.6683 -0.0926
vn -0.4607 0.5119 -0.7250
vn 0.4797 -0.4302 0.7647
vn 0.8799 0.3085 0.3615
vn 0.5356 0.7799 -0.3239
vn -0.4696 0.7464 -0.4715
vn -0.4239 0.7828 -0.4555
vn -0.3626 0.8527 -0.3762
vn -0.2933 0.9063 -0.3042
vn -0.7507 -0.4267 -0.5043
vn -0.6375 0.4965 -0.5891
vn -0.4993 0.7298 -0.4671
vn -0.5590 -0.8216 -0.1117
vn -0.7808 -0.5761 -0.2419
vn -0.5883 0.7260 -0.3562
vn -0.6959 0.6072 -0.3834
vn 0.7053 -0.4233 -0.5687
vn 0.5282 -0.7685 -0.3612
vn -0.3257 0.5723 -0.7526
vn -0.3863 -0.5862 -0.7122
vn 0.8656 0.2311 -0.4442
vn 0.8954 -0.2133 -0.3909
vn 0.4899 -0.8660 -0.1003
vn 0.6088 0.6896 -0.3923
vn -0.3434 0.9384 0.0389
vn -0.7579 0.5761 0.3061
vn -0.5072 -0.7755 0.3759
vn -0.7067 -0.5497 0.4455
vn -0.7037 -0.7105 -0.0000
vn -0.7071 0.0703 0.7037
vn 0.5773 0.5774 0.5773
vn 0.4967 0.7360 0.4600
vn 0.4492 0.7544 0.4786
vn 0.4429 -0.8691 0.2200
vn 0.7170 -0.4868 0.4990
vn 0.7068 0.0001 0.7074
vn -0.5774 0.5777 0.5769
vn -0.7068 -0.0000 0.7074
vn 0.3523 -0.8076 0.4729
vn -0.7009 -0.4371 0.5637
vn -0.6507 0.4148 0.6360
vn -0.2750 0.8893 0.3654
vn 0.6197 -0.7005 0.3540
vn 0.7317 -0.4963 0.4672
vn 0.6491 0.5268 0.5488
vn 0.5762 0.6337 0.5161
vn -0.4770 0.8393 -0.2607
vn -0.4740 0.8287 -0.2975
vn -0.3146 0.9353 -0.1618
vn -0.6027 0.7123 -0.3596
vn -0.7396 -0.5971 -0.3106
vn 0.1419 -0.9681 -0.2067
vn 0.2375 -0.8671 0.4378
vn 0.3234 -0.7649 0.5571
vn 0.2088 0.8114 0.5460
vn 0.2032 0.8592 0.4696
vn 0.1477 0.9865 -0.0700
vn -0.7320 0.6349 -0.2471
vn 0.4394 0.8612 0.2554
vn -0.3827 -0.0000 -0.9239
vn 0.9239 -0.0000 0.3827
vn 0.4951 0.7582 0.4242
vn -0.4106 0.7473 -0.5225
vn -0.0989 0.9897 0.1034
vn 0.4628 -0.8594 0.2176
vn 0.7298 -0.5009 0.4653
vn 0.5761 0.6337 0.5162
vn -0.5145 0.8525 -0.0925
vn -0.7590 0.5911 -0.2731
vn -0.8200 -0.4799 -0.3120
vn -0.6145 -0.7012 -0.3614
vn -0.7141 -0.6229 -0.3196
vn 0.3227 -0.8527 0.4107
vn -0.0149 -0.9999 0.0048
vn 0.2871 0.8447 0.4518
vn -0.8400 -0.4800 -0.2528
vn 0.6933 0.6105 0.3830
vn 0.5883 0.7260 0.3562
vn 0.5583 -0.8221 0.1115
vn 0.7805 -0.5767 0.2413
vn -0.7071 0.7071 -0.0000
vn -0.6258 -0.6586 -0.4179
vn -0.5766 0.8082 -0.1200
vn -0.4261 -0.7928 -0.4358
vn -0.7179 0.4832 -0.5011
vn 0.4268 -0.3746 -0.8231
vn -0.1945 0.7689 0.6090
vn 0.3089 -0.8648 -0.3959
vn -0.0000 1.0000 -0.0000
vn -0.5470 0.8255 -0.1388
vn -0.4408 -0.4041 -0.8015
vn -0.2394 0.2394 -0.9409
vn 0.2940 0.3901 -0.8726
vn -0.7562 0.6475 0.0943
vn -0.6986 0.7079 0.1036
vn -0.7350 -0.6707 -0.0992
vn -0.3794 -0.9157 -0.1327
vn 0.9005 0.4294 0.0684
vn 0.6430 0.7569 0.1167
vn 0.6721 -0.7334 -0.1022
vn 0.7381 -0.6683 -0.0926
vn -0.4607 -0.5119 -0.7250
vn 0.5082 -0.7869 -0.3500
vn 0.8793 -0.3535 0.3190
vn 0.4769 0.4367 0.7628
vn 0.7375 -0.0278 -0.6748
vn 0.4948 -0.3083 -0.8125
vn 0.9996 -0.0207 0.0188
vn 0.9996 -0.0210 0.0189
vn -0.4695 -0.7464 -0.4717
vn -0.2933 -0.9064 -0.3041
vn -0.3634 -0.8540 -0.3724
vn -0.4198 -0.7899 -0.4470
vn -0.7507 0.4267 -0.5043
vn -0.6374 -0.4966 -0.5891
vn -0.5589 0.8217 -0.1118
vn -0.7807 0.5762 -0.2418
vn -0.6958 -0.6073 -0.3834
vn -0.5883 -0.7260 -0.3562
vn 0.5233 0.7714 -0.3622
vn -0.3257 -0.5723 -0.7526
vn -0.3863 0.5862 -0.7122
vn 0.8656 -0.2311 -0.4442
vn 0.6088 -0.6896 -0.3923
vn 0.4899 0.8660 -0.1003
vn 0.8954 0.2133 -0.3909
vn -0.3434 -0.9384 0.0389
vn -0.7579 -0.5761 0.3061
vn -0.7067 0.5497 0.4455
vn -0.5072 0.7755 0.3759
vn -0.7071 -0.0000 0.7071
vn -0.8247 -0.0370 -0.5644
vn -0.0803 0.7062 -0.7034
vn -0.4092 -0.7995 0.4397
vn -0.4806 -0.7908 0.3791
vn -0.0369 -0.7242 -0.6886
vn -0.8381 0.0747 -0.5404
vn -0.4671 0.7937 0.3897
vn -0.3933 0.8012 0.4509
vn 0.5341 -0.8149 -0.2252
vn 0.3214 0.6334 0.7039
vn 0.5122 -0.8257 -0.2364
vn 0.5122 0.8257 -0.2364
vn 0.3214 -0.6334 0.7039
vn 0.5340 0.8150 -0.2251
vn -0.7817 -0.6103 -0.1287
vn -0.2421 0.6806 -0.6915
vn -0.2421 -0.6806 -0.6915
vn -0.6574 0.7505 0.0671
vn -0.4205 -0.8498 0.3178
vn -0.4205 0.8498 0.3178
vn -0.8031 -0.2487 -0.5415
vn -0.5832 0.7061 0.4016
vn -0.8075 0.2427 -0.5376
vn -0.5842 -0.7049 0.4023
vn 0.6519 -0.7029 -0.2848
vn 0.3561 0.6741 0.6471
vn 0.6758 -0.6929 -0.2512
vn 0.6758 0.6929 -0.2512
vn 0.3561 -0.6741 0.6471
vn 0.6519 0.7028 -0.2848
vn -0.9357 -0.3248 -0.1376
vn -0.3051 0.6940 -0.6521
vn -0.3051 -0.6940 -0.6521
vn -0.8144 0.5722 0.0968
vn -0.5968 0.7388 0.3131
vn -0.5968 -0.7388 0.3131
vn -0.7040 0.0002 -0.7102
vn -0.7040 -0.0000 -0.7102
vn -0.7040 -0.0002 0.7102
vn -0.7040 -0.0000 0.7102
vn -1.0000 -0.0000 -0.0000
vn -0.5773 -0.5774 0.5773
vn -0.7046 -0.0000 0.7096
vn -0.4967 -0.7360 0.4600
vn -0.4492 -0.7544 0.4786
vn -0.4431 0.8690 0.2201
vn -0.7170 0.4867 0.4990
vn -0.7072 -0.0000 0.7071
vn -0.5773 -0.5774 0.5774
vn 0.5775 -0.5775 0.5770
vn 0.7072 -0.0000 0.7070
vn -0.3237 0.7873 0.5248
vn 0.7049 0.4246 0.5682
vn 0.6488 -0.4147 0.6380
vn 0.2675 -0.8914 0.3658
vn -0.6194 0.7005 0.3544
vn -0.7357 0.4884 0.4693
vn -0.6417 -0.5342 0.5504
vn -0.5758 -0.6335 0.5168
vn 0.4755 -0.8428 -0.2523
vn 0.4764 -0.8283 -0.2949
vn 0.3147 -0.9353 -0.1618
vn 0.6028 -0.7123 -0.3596
vn 0.7385 0.5982 -0.3112
vn -0.1412 0.9677 -0.2088
vn -0.2375 0.8671 0.4378
vn -0.3234 0.7649 0.5571
vn -0.2088 -0.8114 0.5460
vn -0.2032 -0.8592 0.4696
vn -0.1490 -0.9865 -0.0676
vn 0.7326 -0.6345 -0.2463
vn -0.4388 -0.8609 0.2574
vn -0.0690 -0.9777 -0.1984
vn -0.1143 0.9932 -0.0217
vn -0.6967 0.6160 0.3676
vn -0.7911 -0.5653 0.2337
vn -0.7598 -0.6063 0.2347
vn -0.4951 -0.7582 0.4242
vn 0.4106 -0.7473 -0.5225
vn 0.0989 -0.9897 0.1034
vn -0.4628 0.8594 0.2176
vn -0.7298 0.5009 0.4653
vn -0.5761 -0.6337 0.5162
vn -0.1143 -0.9932 -0.0217
vn -0.6967 -0.6160 0.3676
vn 0.5145 -0.8525 -0.0925
vn 0.7590 -0.5911 -0.2731
vn 0.8200 0.4799 -0.3120
vn 0.6145 0.7012 -0.3614
vn -0.7910 0.5654 0.2337
vn -0.7598 0.6063 0.2347
vn 0.7141 0.6229 -0.3196
vn -0.0690 0.9777 -0.1984
vn -0.3227 0.8527 0.4107
vn 0.0149 0.9999 0.0048
vn -0.2871 -0.8447 0.4518
vn 0.8401 0.4800 -0.2527
vn -0.6933 -0.6105 0.3830
vn -0.5883 -0.7260 0.3562
vn -0.5585 0.8220 0.1116
vn -0.7805 0.5767 0.2413
vn 0.7071 -0.7071 -0.0000
vn 0.6258 0.6586 -0.4179
vn 0.5766 -0.8082 -0.1200
vn 0.4261 0.7928 -0.4358
vn 0.7178 -0.4835 -0.5011
vn 0.2633 -0.7672 0.5849
vn -0.4415 0.3954 -0.8054
vn -0.2706 0.8893 -0.3686
vn 0.5463 -0.8264 -0.1364
vn 0.4587 0.3739 -0.8061
vn 0.2361 -0.2361 -0.9426
vn -0.2973 -0.3892 -0.8718
vn 0.7562 -0.6475 0.0943
vn 0.6986 -0.7079 0.1036
vn 0.7350 0.6707 -0.0992
vn 0.3794 0.9157 -0.1327
vn -0.9005 -0.4294 0.0684
vn -0.6430 -0.7569 0.1167
vn -0.6721 0.7334 -0.1022
vn -0.7381 0.6683 -0.0926
vn 0.4607 0.5119 -0.7250
vn -0.4995 0.2783 -0.8204
vn 0.7071 -0.0011 -0.7071
vn 1.0000 -0.0005 -0.0005
vn 1.0000 -0.0006 -0.0008
vn -0.4797 -0.4302 0.7647
vn -0.5356 0.7799 -0.3239
vn -0.8799 0.3085 0.3615
vn -0.7071 -0.0012 -0.7071
vn -1.0000 -0.0008 -0.0007
vn -1.0000 -0.0006 -0.0005
vn 0.4695 0.7464 -0.4717
vn 0.2934 0.9063 -0.3042
vn 0.3626 0.8527 -0.3762
vn 0.4239 0.7828 -0.4555
vn 0.7507 -0.4267 -0.5043
vn 0.6372 0.4970 -0.5890
vn 0.5589 -0.8217 -0.1117
vn 0.7806 -0.5764 -0.2417
vn 0.6955 0.6077 -0.3834
vn 0.5883 0.7260 -0.3561
vn -0.5277 -0.7688 -0.3612
vn 0.3257 0.5723 -0.7526
vn 0.3863 -0.5862 -0.7122
vn -0.8656 0.2311 -0.4442
vn -0.6088 0.6896 -0.3923
vn -0.4899 -0.8660 -0.1003
vn -0.8954 -0.2133 -0.3909
vn 0.3434 0.9384 0.0389
vn 0.7579 0.5761 0.3061
vn 0.7067 -0.5497 0.4455
vn 0.5072 -0.7755 0.3759
vn 0.7074 -0.0702 0.7033
vn 0.7040 0.7102 -0.0000
vn -0.7055 0.7087 0.0001
vn -0.4967 0.7360 0.4600
vn -0.7167 -0.4868 0.4994
vn -0.4431 -0.8690 0.2202
vn -0.4492 0.7544 0.4786
vn 0.7071 -0.0000 0.7071
vn 0.5773 0.5777 0.5770
vn -0.5774 0.5773 0.5774
vn -0.3551 -0.8094 0.4677
vn 0.2758 0.8891 0.3653
vn 0.6509 0.4149 0.6358
vn 0.7004 -0.4383 0.5633
vn -0.5762 0.6337 0.5161
vn 0.6027 0.7123 -0.3596
vn 0.3148 0.9352 -0.1618
vn 0.4756 0.8270 -0.2996
vn 0.4828 0.8341 -0.2666
vn -0.6464 0.5307 0.5482
vn 0.7397 -0.5970 -0.3105
vn -0.2375 -0.8671 0.4378
vn -0.1419 -0.9681 -0.2065
vn -0.2032 0.8592 0.4696
vn -0.2088 0.8114 0.5460
vn -0.3234 -0.7649 0.5571
vn -0.1476 0.9865 -0.0703
vn 0.7320 0.6350 -0.2471
vn -0.4394 0.8613 0.2552
vn 0.3827 -0.0000 -0.9239
vn -0.9239 -0.0000 0.3827
vn -0.4951 0.7582 0.4242
vn 0.0989 0.9897 0.1034
vn 0.4106 0.7473 -0.5225
vn -0.4628 -0.8594 0.2176
vn -0.5761 0.6337 0.5162
vn -0.7298 -0.5009 0.4653
vn 0.7590 0.5911 -0.2731
vn 0.5145 0.8525 -0.0925
vn 0.8200 -0.4799 -0.3120
vn 0.6146 -0.7012 -0.3614
vn 0.7141 -0.6229 -0.3196
vn -0.3227 -0.8527 0.4107
vn -0.2871 0.8447 0.4518
vn 0.0149 -0.9999 0.0048
vn 0.8401 -0.4800 -0.2526
vn -0.6933 0.6105 0.3830
vn -0.7803 -0.5768 0.2416
vn -0.5585 -0.8220 0.1115
vn -0.5883 0.7260 0.3561
vn 0.7071 0.7071 -0.0000
vn 0.5766 0.8082 -0.1200
vn 0.6258 -0.6586 -0.4179
vn 0.4261 -0.7928 -0.4358
vn 0.7178 0.4834 -0.5011
vn -0.4253 -0.3726 -0.8248
vn 0.1879 0.7689 0.6111
vn -0.3126 -0.8622 -0.3986
vn 0.5471 0.8254 -0.1390
vn 0.4390 -0.4071 -0.8010
vn -0.2935 0.3903 -0.8726
vn 0.2399 0.2399 -0.9407
vn 0.7562 0.6475 0.0943
vn 0.3794 -0.9157 -0.1327
vn 0.7350 -0.6707 -0.0992
vn 0.6986 0.7079 0.1036
vn -0.9005 0.4294 0.0684
vn -0.6430 0.7569 0.1167
vn -0.6721 -0.7334 -0.1022
vn -0.7381 -0.6683 -0.0926
vn 0.4607 -0.5119 -0.7250
vn -0.4995 -0.7889 -0.3579
vn -0.4813 0.4327 0.7623
vn -0.8777 -0.3739 0.2998
vn -0.7343 -0.0166 -0.6786
vn -1.0000 -0.0059 0.0056
vn -1.0000 -0.0057 0.0054
vn -0.7317 -0.4957 0.4680
vn 0.4172 -0.7921 -0.4456
vn 0.3636 -0.8536 -0.3730
vn 0.2934 -0.9063 -0.3042
vn 0.4695 -0.7464 -0.4717
vn -0.6197 -0.7005 0.3540
vn 0.7507 0.4267 -0.5043
vn 0.6373 -0.4968 -0.5891
vn 0.5590 0.8216 -0.1117
vn 0.7806 0.5763 -0.2418
vn 0.5883 -0.7260 -0.3562
vn 0.6956 -0.6076 -0.3834
vn -0.5228 0.7717 -0.3623
vn 0.3257 -0.5723 -0.7526
vn 0.3863 0.5862 -0.7122
vn -0.8656 -0.2311 -0.4442
vn -0.8954 0.2133 -0.3909
vn -0.4899 0.8660 -0.1003
vn -0.6088 -0.6896 -0.3923
vn 0.3434 -0.9384 0.0389
vn 0.7579 -0.5761 0.3061
vn 0.5072 0.7755 0.3759
vn 0.7067 0.5497 0.4455
vn 0.8247 -0.0370 -0.5644
vn 0.0803 0.7062 -0.7034
vn 0.4806 -0.7908 0.3791
vn 0.4092 -0.7995 0.4397
vn 0.0466 -0.7203 -0.6921
vn 0.8411 0.0841 -0.5343
vn 0.3882 0.8015 0.4548
vn 0.4608 0.7947 0.3952
vn -0.5340 -0.8150 -0.2251
vn -0.5122 -0.8257 -0.2364
vn -0.3214 0.6334 0.7039
vn -0.5122 0.8257 -0.2364
vn -0.5341 0.8149 -0.2252
vn -0.3214 -0.6334 0.7039
vn 0.6572 -0.7507 0.0674
vn 0.2421 0.6806 -0.6915
vn 0.2425 -0.6804 -0.6915
vn 0.7817 0.6103 -0.1287
vn 0.4205 -0.8498 0.3178
vn 0.4205 0.8498 0.3178
vn 0.8027 -0.2492 -0.5418
vn 0.5831 0.7062 0.4016
vn 0.8071 0.2433 -0.5380
vn 0.5841 -0.7050 0.4022
vn -0.6519 -0.7028 -0.2848
vn -0.6759 -0.6929 -0.2512
vn -0.3561 0.6741 0.6471
vn -0.6758 0.6929 -0.2512
vn -0.6519 0.7029 -0.2848
vn -0.3561 -0.6741 0.6471
vn 0.8142 -0.5724 0.0970
vn 0.3051 0.6940 -0.6521
vn 0.3051 -0.6940 -0.6521
vn 0.9358 0.3246 -0.1378
vn 0.5968 0.7388 0.3131
vn 0.5968 -0.7388 0.3131
vn 0.2567 0.9047 0.3400
vn 0.6217 -0.7823 0.0385
vn -0.7819 -0.6222 0.0387
vn -0.2398 0.9086 0.3420
vn 0.9167 0.2598 0.3034
vn 0.5948 -0.5880 -0.5482
vn 0.5841 0.5883 -0.5591
vn 0.9149 -0.2705 0.2996
vn 0.7306 0.6646 0.1568
vn -0.4561 0.8861 0.0826
vn -0.3848 0.9182 0.0936
vn -0.6348 0.7710 0.0509
vn -0.5779 0.5958 -0.5577
vn 0.4767 0.8754 0.0805
vn 0.6872 -0.7083 -0.1616
vn 0.7110 -0.6847 -0.1603
vn -0.9157 0.2676 0.2997
vn 0.5296 0.8330 0.1605
vn -0.9157 -0.2671 0.3004
vn -0.2131 -0.9126 0.3490
vn 0.2563 -0.9047 0.3404
vn -0.5772 -0.5970 -0.5572
vn 0.6863 0.7087 -0.1638
vn 0.4773 -0.8748 0.0831
vn 0.7115 0.6837 -0.1624
vn -0.6898 0.6887 0.2234
vn 0.0001 -0.7061 -0.7081
vn 0.0003 -0.7061 0.7081
vn 0.0002 -0.7062 0.7080
vn 0.0001 -0.7062 -0.7080
vn -0.7187 -0.6767 0.1600
vn 0.4067 -0.9087 0.0941
vn 0.6481 -0.7598 0.0513
vn -0.8824 0.4704 0.0090
vn 0.6862 0.7086 -0.1642
vn 0.7112 0.6840 -0.1625
vn -0.2488 0.7062 0.6629
vn 0.0255 0.7064 0.7073
vn 0.7059 -0.0010 -0.7083
vn 0.7063 0.0007 0.7079
vn 0.7059 0.0010 0.7083
vn 0.7063 -0.0006 -0.7079
vn -0.4130 -0.9062 0.0909
vn 0.7407 -0.6534 0.1563
vn -0.6083 -0.7917 0.0569
vn -0.3373 -0.9359 0.1012
vn -0.6877 0.7083 -0.1593
vn 0.8898 0.4561 0.0138
vn -0.7108 0.6854 -0.1581
vn 0.0001 0.7061 0.7081
vn 0.0255 -0.7065 -0.7073
vn -0.2521 -0.7061 0.6617
vn 0.0002 0.7060 0.7082
vn 0.7586 -0.6510 -0.0261
vn 0.9006 -0.4343 0.0173
vn 0.8791 -0.4766 0.0105
vn -0.7060 -0.0261 -0.7077
vn -0.7065 0.0104 -0.7076
vn 0.0002 0.7071 0.7071
vn -0.0001 -0.7071 0.7072
vn -0.0001 -0.7072 0.7071
vn 0.7070 0.0003 0.7072
vn 0.7072 -0.0003 -0.7070
vn 0.7070 -0.0003 -0.7072
vn 0.7072 0.0003 0.7070
vn 0.0001 0.7072 -0.7071
vn 0.0001 0.7071 -0.7072
vn 0.7104 -0.6853 -0.1601
vn 0.4072 0.9088 0.0913
vn 0.6476 0.7604 0.0491
vn 0.6871 -0.7083 -0.1620
vn -0.7070 0.0003 0.7072
vn -0.7072 0.0003 0.7070
vn 0.0001 -0.7071 -0.7072
vn 0.0002 -0.7071 0.7071
vn 0.0001 -0.7072 -0.7071
vn -0.7616 0.6474 -0.0276
vn -0.9038 0.4276 0.0169
vn -0.0002 0.7071 -0.7071
vn -0.6862 0.7086 -0.1642
vn 0.7689 0.6388 -0.0262
vn 0.9105 0.4130 0.0190
vn -0.7116 0.6834 -0.1630
vn -0.7178 0.6781 0.1580
vn 0.0001 0.7061 -0.7081
vn 0.0002 0.7060 -0.7082
vn -0.7058 -0.0004 -0.7084
vn 0.7064 -0.0000 0.7078
vn 0.7070 0.0247 -0.7068
vn -0.7062 -0.0010 -0.7080
vn -0.8825 -0.4702 0.0104
vn -0.9038 -0.4275 0.0182
vn -0.7620 -0.6470 -0.0255
vn -0.6876 -0.7082 -0.1605
vn -0.7104 -0.6855 -0.1595
vn -0.6871 -0.7083 -0.1620
vn -0.7109 -0.6847 -0.1607
vn -0.7062 0.0010 0.7080
vn -0.7058 0.0005 0.7084
vn -0.0001 0.7072 0.7071
vn -0.0001 0.7071 0.7072
vn -0.7072 -0.0003 -0.7070
vn -0.7070 -0.0003 -0.7072
vn -0.0002 -0.7071 -0.7071
vn 0.6679 0.4042 0.6249
vn -0.0541 -0.9816 -0.1833
vn 0.2712 -0.9576 0.0968
vn 0.2715 0.8946 0.3548
vn 0.4217 0.6521 0.6300
vn 0.7959 -0.4811 -0.3674
vn 0.4262 -0.6877 -0.5877
vn 0.8716 0.3221 0.3695
vn 0.5382 -0.7665 -0.3505
vn -0.6654 -0.4047 0.6273
vn -0.2660 -0.8959 0.3559
vn 0.7207 -0.4120 -0.5575
vn 0.2061 0.9781 0.0279
vn 0.6670 -0.4049 0.6255
vn 0.2721 -0.8942 0.3554
vn 0.2707 0.9577 0.0979
vn 0.7965 0.4791 -0.3688
vn 0.4230 -0.6504 0.6309
vn 0.8708 -0.3232 0.3706
vn 0.4273 0.6856 -0.5894
vn -0.4232 0.6497 0.6315
vn 0.9743 -0.1160 -0.1932
vn 0.9642 0.2329 0.1268
vn -0.8708 0.3224 0.3711
vn 0.0496 0.9815 -0.1849
vn -0.2761 0.9562 0.0970
vn -0.9895 0.1424 0.0262
vn -0.9645 0.2328 0.1250
vn 0.5359 0.7681 -0.3505
vn -0.2085 -0.9776 0.0277
vn -0.2732 -0.9570 0.0977
vn 0.7203 0.4118 -0.5581
vn -0.9743 0.1166 -0.1927
vn -0.9644 -0.2321 0.1265
vn -0.5349 0.7692 -0.3496
vn -0.7211 0.4109 -0.5578
vn -0.7960 0.4786 -0.3705
vn 0.9901 -0.1386 0.0241
vn 0.9639 -0.2333 0.1284
vn -0.4288 0.6833 -0.5909
vn -0.4243 -0.6477 0.6328
vn -0.8704 -0.3221 0.3724
vn -0.7960 -0.4796 -0.3693
vn -0.4276 -0.6852 -0.5896
vn -0.6661 0.4048 0.6264
vn -0.2692 0.8950 0.3558
vn -0.5340 -0.7695 -0.3504
vn -0.7201 -0.4115 -0.5587
vn 0.8858 0.3267 -0.3294
vn 0.3873 -0.7462 0.5415
vn 0.9955 0.0291 -0.0905
vn 0.5483 -0.7655 -0.3367
vn -0.6850 -0.3922 0.6140
vn -0.2652 -0.9004 0.3449
vn 0.7377 -0.4009 -0.5432
vn 0.7376 0.4010 0.5433
vn 0.6850 -0.3924 0.6138
vn 0.2654 -0.9004 0.3448
vn 0.0354 0.9953 -0.0907
vn 0.7969 0.5102 -0.3235
vn 0.3818 -0.7156 0.5849
vn 0.8853 -0.3276 0.3300
vn 0.3871 0.7464 -0.5414
vn 0.6858 0.3923 0.6130
vn 0.7372 -0.4008 0.5439
vn 0.3281 -0.9345 0.1382
vn 0.2689 0.8994 0.3446
vn 0.3806 0.7175 0.5834
vn 0.7969 -0.5110 -0.3222
vn 0.3859 -0.7480 -0.5399
vn 0.8857 0.3278 0.3288
vn -0.2686 0.8995 0.3447
vn -0.0329 -0.9954 -0.0902
vn -0.7373 -0.4009 0.5438
vn -0.6857 0.3923 0.6131
vn -0.8859 0.3267 -0.3293
vn -0.9519 -0.2767 0.1317
vn -0.5456 0.7674 -0.3367
vn -0.7372 0.4007 -0.5439
vn -0.7969 0.5101 -0.3236
vn -0.3872 0.7462 -0.5415
vn 0.9521 0.2764 0.1305
vn 0.3861 0.7479 0.5400
vn 0.8863 -0.3268 -0.3283
vn -0.2645 0.9009 -0.3442
vn 0.2640 0.9010 -0.3442
vn -0.3312 0.9334 0.1378
vn -0.3859 0.7480 0.5399
vn -0.9953 -0.0306 -0.0917
vn -0.8856 0.3279 0.3289
vn -0.3860 -0.7479 -0.5401
vn -0.7969 -0.5109 -0.3224
vn -0.3807 0.7173 0.5836
vn 0.7373 0.4008 -0.5438
vn 0.5459 0.7673 -0.3367
vn 0.2675 -0.9001 -0.3440
vn -0.5480 -0.7657 -0.3367
vn -0.7376 -0.4009 -0.5433
vn -0.2679 -0.9000 -0.3440
vn -0.3873 -0.7463 0.5413
vn -0.3818 -0.7155 0.5850
vn -0.8852 -0.3278 0.3302
vn -0.8863 -0.3269 -0.3281
vn -0.7377 0.4009 0.5432
vn -0.7078 0.0003 0.7064
vn -0.7080 0.0003 0.7062
vn 0.7062 -0.0349 -0.7071
vn 0.7048 0.0672 -0.7062
vn 0.7079 0.0002 0.7063
vn 0.7081 0.0003 0.7061
vn 0.5257 -0.0000 -0.8507
vn 0.5257 -0.0000 0.8507
vn 0.6104 -0.7592 0.2258
vn 0.6502 0.7594 0.0249
vn 0.7406 0.6582 -0.1352
vn 0.5698 -0.8172 0.0863
vn 0.6451 0.7639 -0.0158
vn 0.5223 -0.8153 0.2499
vn -0.0572 0.9552 0.2903
vn 0.7473 0.2868 0.5994
vn 0.3397 -0.8466 0.4098
vn -0.5068 -0.8000 -0.3213
vn 0.6375 0.6190 0.4587
vn 0.1342 -0.9442 -0.3008
vn -0.5681 -0.7967 0.2062
vn -0.8203 -0.5327 0.2082
vn 0.5475 -0.8363 0.0274
vn -0.4085 0.7882 -0.4604
vn -0.7167 0.2547 -0.6492
vn -0.7813 0.5749 -0.2432
vn -0.7839 0.5726 -0.2399
vn 0.3591 0.8415 -0.4037
vn -0.0218 -0.8865 -0.4622
vn 0.7967 0.6027 0.0453
vn 0.0302 0.4387 0.8981
vn -0.0469 -0.7311 0.6806
vn 0.0483 0.7127 0.6998
vn 0.7071 -0.0000 -0.7071
vn -0.6644 0.7472 -0.0170
vn 0.3552 0.7808 -0.5140
vn 0.7959 0.5671 -0.2122
vn -0.7838 0.6206 0.0212
vn 0.6366 0.2362 -0.7341
vn 0.3909 -0.8792 0.2725
vn 0.1347 -0.9437 -0.3022
vn 0.4439 0.8583 0.2575
vn -0.5758 -0.5773 0.5790
vn -0.7056 0.0013 0.7086
vn -0.8930 0.4243 -0.1501
vn -0.0207 0.6915 -0.7220
vn 0.7562 0.3169 -0.5725
vn 0.2065 -0.7749 -0.5975
vn -0.3533 -0.9160 -0.1900
vn 0.7584 0.6509 -0.0346
vn -0.8928 0.4247 -0.1502
vn 0.0304 0.4384 0.8983
vn -0.7086 0.0013 0.7056
vn 0.0102 -0.6981 0.7159
vn -0.7724 0.5752 -0.2694
vn -0.5196 -0.7427 0.4225
vn -0.8565 0.2210 0.4664
vn 0.3672 0.8609 -0.3522
vn -0.7253 -0.6788 -0.1148
vn 0.3633 -0.9114 -0.1932
vn -0.8277 0.2431 0.5058
vn -0.6753 0.6514 0.3459
vn 0.7140 -0.5236 -0.4648
vn 0.2539 0.9119 -0.3223
vn 0.7496 0.3252 -0.5765
vn 0.4524 0.8743 0.1760
vn -0.7253 0.6788 -0.1148
vn -0.7724 -0.5751 -0.2694
vn -0.7884 -0.5744 -0.2201
vn -0.7834 -0.5743 -0.2376
vn -0.8960 -0.4210 -0.1412
vn 0.1593 -0.4348 0.8863
vn 0.7562 -0.4890 0.4348
vn 0.5305 0.3268 -0.7822
vn -0.0017 -0.0017 -1.0000
vn -0.0023 -0.0023 -1.0000
vn -0.0016 -0.0030 -1.0000
vn 0.3497 -0.7773 -0.5230
vn 0.7960 -0.5621 -0.2247
vn 0.6824 -0.7012 -0.2064
vn 0.5475 0.8364 0.0274
vn 0.1751 0.9189 -0.3536
vn 0.6258 0.7423 -0.2396
vn -0.8357 0.5481 0.0359
vn -0.6114 0.7913 0.0053
vn 0.5461 0.8200 0.1712
vn 0.5850 0.8052 0.0974
vn 0.7266 -0.6723 -0.1419
vn 0.6643 -0.7448 0.0629
vn 0.6451 -0.7639 -0.0158
vn -0.0572 -0.9552 0.2903
vn 0.5342 0.8205 0.2035
vn 0.7473 -0.2868 0.5994
vn 0.6375 -0.6190 0.4587
vn -0.5068 0.8000 -0.3213
vn 0.3397 0.8466 0.4098
vn -0.5257 -0.0000 -0.8507
vn -0.8256 0.5238 0.2098
vn -0.5684 0.7956 0.2097
vn -0.4085 -0.7882 -0.4604
vn -0.7167 -0.2547 -0.6492
vn 0.3592 -0.8415 -0.4036
vn 0.7967 -0.6027 0.0453
vn 0.0303 -0.4387 0.8981
vn 0.0483 -0.7127 0.6998
vn -0.0468 0.7312 0.6806
vn -0.7071 -0.0000 -0.7071
vn -0.6643 -0.7472 -0.0171
vn -0.7838 -0.6206 0.0212
vn 0.5983 0.6808 -0.4226
vn 0.5015 -0.4898 -0.7132
vn 0.4343 -0.8591 0.2709
vn 0.1756 0.9182 -0.3551
vn -0.7725 0.6325 -0.0571
vn -0.8951 -0.4228 -0.1413
vn -0.7056 -0.0013 0.7086
vn -0.0207 -0.6915 -0.7220
vn -0.7827 -0.5503 0.2907
vn -0.7516 -0.6595 -0.0127
vn 0.0305 -0.4384 0.8983
vn -0.5790 0.5773 0.5757
vn -0.7086 -0.0012 0.7056
vn -0.5196 0.7427 0.4225
vn -0.8565 -0.2210 0.4664
vn 0.3672 -0.8609 -0.3522
vn 0.3633 0.9114 -0.1932
vn 0.7140 0.5236 -0.4648
vn -0.6752 -0.6515 0.3459
vn -0.8277 -0.2431 0.5058
vn 0.7496 -0.3252 -0.5765
vn 0.2539 -0.9120 -0.3223
vn 0.6802 -0.3799 -0.6270
vn 0.6886 0.5363 0.4881
vn 0.1803 0.6457 0.7420
vn -0.0017 0.0017 -1.0000
vn -0.0030 0.0016 -1.0000
vn -0.0016 0.0017 -1.0000
vn -0.0023 0.0022 -1.0000
vn -0.6115 -0.7913 0.0052
vn -0.8357 -0.5481 0.0359
vn -0.5257 -0.0000 0.8507
vn -0.6382 0.5083 -0.5783
vn 0.0751 0.5754 -0.8144
vn -0.6073 -0.2915 0.7390
vn 0.7633 -0.3188 -0.5619
vn 0.5974 0.5549 0.5790
vn 0.8863 -0.2219 -0.4066
vn -0.4630 -0.5866 -0.6645
vn -0.7285 -0.4782 -0.4905
vn -0.7697 0.3545 0.5309
vn -0.3437 0.5790 0.7393
vn 0.8863 0.2219 -0.4066
vn 0.5974 -0.5549 0.5790
vn 0.7633 0.3188 -0.5619
vn -0.7285 0.4782 -0.4905
vn -0.4630 0.5866 -0.6645
vn -0.3437 -0.5790 0.7393
vn -0.7697 -0.3545 0.5309
vn -0.1164 -0.4223 -0.8989
vn -0.7569 -0.3162 -0.5719
vn -0.4831 0.4730 0.7369
vn 0.6232 0.4562 -0.6353
vn 0.3385 -0.2234 0.9141
vn 0.7186 -0.3311 0.6116
vn 0.3848 0.2745 -0.8812
vn -0.8700 -0.4474 0.2073
vn -0.9393 0.3055 -0.1565
vn 0.4193 -0.4276 -0.8008
vn 0.6652 0.2893 0.6883
vn 0.3846 0.3851 0.8389
vn 0.5882 -0.3938 -0.7063
vn -0.9643 -0.0546 -0.2593
vn -0.9555 0.1859 0.2288
vn 0.5882 0.3938 -0.7063
vn 0.3846 -0.3851 0.8389
vn 0.6652 -0.2893 0.6883
vn 0.4193 0.4276 -0.8008
vn -0.9555 -0.1859 0.2288
vn -0.9643 0.0546 -0.2593
vn 0.5581 -0.3790 -0.7382
vn 0.6051 0.3825 0.6982
vn 0.5200 0.3223 0.7910
vn 0.5086 -0.4886 -0.7089
vn -0.9171 0.2648 -0.2980
vn -0.9706 -0.1260 0.2049
vn 0.5121 -0.4622 -0.7240
vn 0.7394 0.2911 0.6071
vn 0.4049 0.4422 0.8003
vn 0.7068 -0.4019 -0.5822
vn -0.8552 -0.1432 -0.4982
vn -0.8681 -0.1741 -0.4649
vn -0.6575 0.4379 0.6131
vn 0.7068 0.4019 -0.5822
vn 0.4049 -0.4422 0.8003
vn 0.7394 -0.2911 0.6071
vn 0.5121 0.4622 -0.7240
vn -0.8681 0.1741 -0.4649
vn -0.8552 0.1432 -0.4982
vn -0.6575 -0.4379 0.6131
vn -0.5461 -0.8201 0.1710
vn -0.5850 -0.8051 0.0974
vn -0.7266 0.6723 -0.1419
vn -0.6642 0.7449 0.0629
vn -0.6451 0.7639 -0.0158
vn 0.0572 0.9552 0.2903
vn -0.5343 -0.8204 0.2035
vn -0.7473 0.2868 0.5994
vn -0.6375 0.6190 0.4587
vn 0.5068 -0.8000 -0.3213
vn -0.3397 -0.8466 0.4098
vn 0.8257 -0.5237 0.2098
vn 0.5684 -0.7956 0.2097
vn -0.3508 -0.9171 -0.1893
vn -0.5475 -0.8363 0.0274
vn 0.4085 0.7882 -0.4604
vn 0.7167 0.2547 -0.6492
vn 0.7836 0.5741 -0.2376
vn 0.7886 0.5742 -0.2201
vn -0.3594 0.8414 -0.4037
vn -0.7967 0.6027 0.0453
vn -0.4446 -0.8692 0.2165
vn -0.0305 0.4385 0.8982
vn -0.0483 0.7127 0.6998
vn 0.0467 -0.7310 0.6808
vn 0.6645 0.7471 -0.0170
vn 0.7838 0.6206 0.0212
vn -0.7961 0.5619 -0.2246
vn -0.3498 0.7771 -0.5232
vn -0.9384 0.2302 -0.2578
vn -0.4440 0.8582 0.2575
vn 0.7731 -0.6342 0.0084
vn 0.8951 0.4230 -0.1414
vn 0.7056 0.0014 0.7086
vn 0.0207 0.6915 -0.7220
vn 0.8961 0.4208 -0.1412
vn -0.0305 0.4384 0.8983
vn 0.5792 -0.5773 0.5756
vn 0.7086 0.0014 0.7056
vn 0.7726 0.5750 -0.2693
vn 0.5196 -0.7427 0.4225
vn 0.8565 0.2210 0.4664
vn -0.3672 0.8609 -0.3522
vn -0.3633 -0.9114 -0.1932
vn -0.7140 -0.5236 -0.4648
vn 0.6753 0.6513 0.3460
vn 0.8277 0.2429 0.5059
vn -0.7496 0.3252 -0.5765
vn -0.2541 0.9119 -0.3224
vn -0.6826 0.7011 -0.2063
vn 0.7252 -0.6788 -0.1152
vn -0.1804 -0.6458 0.7418
vn -0.6803 0.3798 -0.6268
vn -0.6885 -0.5365 0.4880
vn 0.0016 -0.0016 -1.0000
vn 0.0029 -0.0015 -1.0000
vn 0.0022 -0.0022 -1.0000
vn 0.6115 0.7913 0.0052
vn 0.8357 0.5481 0.0360
vn 0.7756 -0.5561 -0.2988
vn 0.7013 0.7047 -0.1072
vn 0.7221 0.6917 -0.0095
vn 0.7847 -0.5646 -0.2559
vn 0.7922 -0.5602 -0.2421
vn -0.6113 0.7573 0.2297
vn -0.6501 -0.7594 0.0249
vn -0.7406 -0.6582 -0.1352
vn -0.5946 0.7979 0.0987
vn -0.6451 -0.7639 -0.0158
vn -0.5508 0.8010 0.2345
vn 0.0572 -0.9552 0.2903
vn -0.7473 -0.2868 0.5994
vn -0.3397 0.8466 0.4098
vn 0.5068 0.8000 -0.3213
vn -0.6375 -0.6190 0.4587
vn 0.8204 0.5325 0.2082
vn -0.5475 0.8364 0.0275
vn -0.2502 0.9353 -0.2504
vn 0.5681 0.7967 0.2062
vn 0.4085 -0.7882 -0.4604
vn 0.7167 -0.2547 -0.6492
vn -0.3594 -0.8413 -0.4038
vn -0.0849 0.9084 -0.4095
vn -0.7967 -0.6027 0.0453
vn -0.0301 -0.4384 0.8983
vn 0.0468 0.7310 0.6808
vn -0.0483 -0.7127 0.6998
vn -0.2439 -0.0852 -0.9661
vn -0.3534 -0.8792 -0.3197
vn 0.1324 -0.9451 -0.2986
vn 0.3584 0.7811 -0.5113
vn 0.6646 -0.7470 -0.0170
vn -0.3553 -0.7806 -0.5142
vn -0.7959 -0.5669 -0.2124
vn 0.7838 -0.6206 0.0212
vn -0.6423 -0.2380 -0.7286
vn -0.3524 0.9009 0.2534
vn -0.2519 0.9344 -0.2517
vn -0.4341 -0.8591 0.2711
vn 0.5756 0.5773 0.5792
vn 0.7056 -0.0014 0.7086
vn 0.8932 -0.4227 -0.1530
vn 0.0207 -0.6915 -0.7220
vn 0.8932 -0.4228 -0.1530
vn -0.0304 -0.4384 0.8983
vn 0.7086 -0.0014 0.7056
vn -0.0102 0.6977 0.7163
vn 0.5196 0.7427 0.4225
vn 0.8565 -0.2210 0.4664
vn -0.3672 -0.8609 -0.3522
vn -0.3633 0.9114 -0.1932
vn 0.8277 -0.2428 0.5059
vn 0.6754 -0.6513 0.3460
vn -0.7140 0.5236 -0.4648
vn -0.2541 -0.9118 -0.3224
vn -0.7496 -0.3252 -0.5765
vn -0.6257 -0.7423 -0.2397
vn -0.5304 -0.3267 -0.7823
vn -0.1594 0.4347 0.8864
vn -0.7563 0.4891 0.4346
vn 0.0017 0.0017 -1.0000
vn 0.0022 0.0022 -1.0000
vn 0.0017 0.0016 -1.0000
vn 0.0016 0.0029 -1.0000
vn 0.8357 -0.5481 0.0359
vn 0.6114 -0.7913 0.0053
vn 0.7569 0.3160 -0.5720
vn 0.1164 0.4221 -0.8990
vn 0.4829 -0.4731 0.7369
vn -0.7633 -0.3188 -0.5619
vn -0.8863 -0.2219 -0.4066
vn -0.5974 0.5549 0.5790
vn 0.4630 -0.5866 -0.6645
vn 0.7285 -0.4782 -0.4905
vn 0.3437 0.5790 0.7393
vn 0.7697 0.3545 0.5309
vn -0.8863 0.2219 -0.4066
vn -0.7633 0.3188 -0.5619
vn -0.5974 -0.5549 0.5790
vn 0.7285 0.4782 -0.4905
vn 0.4630 0.5866 -0.6645
vn 0.7697 -0.3545 0.5309
vn 0.3437 -0.5790 0.7393
vn -0.0753 -0.5754 -0.8144
vn 0.6379 -0.5084 -0.5784
vn 0.6074 0.2913 0.7391
vn -0.5086 0.4886 -0.7089
vn -0.5582 0.3790 -0.7381
vn -0.6051 -0.3825 0.6982
vn -0.5201 -0.3223 0.7909
vn 0.9706 0.1264 0.2049
vn 0.9169 -0.2652 -0.2982
vn -0.4193 -0.4276 -0.8008
vn -0.5882 -0.3938 -0.7063
vn -0.3846 0.3851 0.8389
vn -0.6652 0.2893 0.6883
vn 0.9643 -0.0546 -0.2593
vn 0.9555 0.1859 0.2288
vn -0.5882 0.3938 -0.7063
vn -0.4193 0.4276 -0.8008
vn -0.6652 -0.2893 0.6883
vn -0.3846 -0.3851 0.8389
vn 0.9555 -0.1859 0.2288
vn 0.9643 0.0546 -0.2593
vn -0.3847 -0.2742 -0.8814
vn -0.6232 -0.4563 -0.6352
vn -0.3384 0.2233 0.9141
vn -0.7187 0.3312 0.6114
vn 0.9392 -0.3059 -0.1563
vn 0.8697 0.4478 0.2073
vn -0.5121 -0.4622 -0.7240
vn -0.7068 -0.4019 -0.5822
vn -0.4049 0.4422 0.8003
vn -0.7394 0.2911 0.6071
vn 0.8552 -0.1432 -0.4982
vn 0.8681 -0.1741 -0.4649
vn 0.6575 0.4379 0.6131
vn -0.7068 0.4019 -0.5822
vn -0.5121 0.4622 -0.7240
vn -0.7394 -0.2911 0.6071
vn -0.4049 -0.4422 0.8003
vn 0.8681 0.1741 -0.4649
vn 0.8552 0.1432 -0.4982
vn 0.6575 -0.4379 0.6131
vn -0.7921 -0.4795 0.3776
vn -0.5669 0.7024 -0.4304
vn 0.1740 0.9191 -0.3536
vn -0.6298 -0.0837 -0.7722
vn 0.3530 -0.7776 -0.5203
vn -0.7914 0.2414 0.5616
vn 0.4439 0.8582 0.2576
vn 0.6481 0.6546 0.3891
vn 0.2167 -0.8917 -0.3973
vn -0.2611 -0.9398 -0.2205
vn -0.7979 0.3633 0.4810
vn -0.3872 -0.9213 -0.0372
vn 0.7412 0.5870 -0.3256
vn 0.8155 0.5222 -0.2497
vn 0.6364 -0.7543 -0.1612
vn 0.5555 0.8297 -0.0544
vn 0.6043 -0.7909 0.0965
vn 0.5845 -0.7990 -0.1413
vn 0.8903 0.1936 -0.4123
vn -0.0000 -1.0000 0.0001
vn -0.0031 -1.0000 -0.0000
vn 0.0001 -1.0000 -0.0000
vn -0.9452 0.3262 0.0104
vn 0.3298 -0.2389 0.9133
vn -0.3647 -0.0691 0.9285
vn 0.4868 0.7522 0.4441
vn 0.3787 -0.5293 -0.7592
vn -0.6301 -0.4265 -0.6488
vn 0.4298 -0.5886 0.6847
vn -0.8514 -0.1436 -0.5044
vn 0.7098 0.0151 0.7042
vn 0.8785 0.0297 -0.4768
vn 0.9062 -0.1417 -0.3983
vn 0.7042 0.0150 0.7099
vn 0.8291 -0.2434 -0.5034
vn -0.0907 0.8817 -0.4630
vn 0.7502 0.6586 0.0593
vn 0.8112 -0.5262 -0.2549
vn 0.8913 -0.3599 -0.2757
vn -0.3896 0.9207 -0.0246
vn 0.4610 0.1193 0.8793
vn 0.4860 -0.7488 0.4506
vn -0.2820 0.1670 0.9448
vn -0.0437 -0.6513 -0.7576
vn -0.2094 0.1907 0.9591
vn -0.3637 -0.9212 -0.1383
vn -0.0993 -0.8904 -0.4442
vn 0.7319 0.5018 -0.4609
vn -0.5696 -0.7671 0.2952
vn 0.7631 -0.4859 -0.4262
vn 0.7953 -0.6046 0.0446
vn 0.7009 0.6662 -0.2547
vn 0.6512 -0.6491 -0.3932
vn 0.6059 -0.6643 -0.4376
vn -0.3911 0.9194 0.0420
vn -0.3885 0.6833 -0.6182
vn 0.0668 -0.5563 0.8283
vn 0.3078 -0.2401 0.9207
vn 0.0458 0.2783 0.9594
vn -0.7061 -0.0028 0.7081
vn -0.7081 -0.0028 0.7061
vn -0.7884 0.2708 -0.5524
vn 0.6620 0.6482 -0.3763
vn 0.6820 -0.6899 -0.2429
vn -0.3880 -0.9216 0.0134
vn 0.6157 0.6717 -0.4120
vn -0.2893 0.9563 0.0424
vn 0.6640 -0.6646 0.3425
vn -0.7765 -0.2778 0.5655
vn -0.2611 0.9436 -0.2038
vn -0.0092 -0.2109 -0.9775
vn 0.9983 -0.0529 -0.0230
vn -0.2010 -0.0034 -0.9796
vn -0.5710 0.7617 0.3064
vn 0.5795 0.8065 -0.1173
vn 0.7491 0.6443 -0.1542
vn 0.5483 -0.8329 -0.0754
vn 0.0019 0.1824 -0.9832
vn 0.2248 -0.0420 -0.9735
vn -0.2760 0.9582 0.0750
vn 0.7345 0.6775 -0.0380
vn 0.7691 -0.5579 -0.3119
vn -0.9919 -0.1140 0.0565
vn -0.8300 -0.5304 0.1722
vn -0.4598 0.8366 0.2979
vn -0.7478 0.5331 0.3958
vn 0.7766 0.5527 -0.3023
vn 0.7309 -0.6800 -0.0586
vn 0.0512 0.6307 -0.7743
vn -0.5956 0.5721 -0.5639
vn 0.9773 0.2118 -0.0008
vn -0.0271 0.7135 0.7001
vn -0.4007 -0.4976 0.7693
vn 0.3463 0.8771 -0.3328
vn 0.2577 -0.7145 -0.6505
vn -0.3692 -0.0635 0.9272
vn -0.3131 -0.9489 0.0399
vn -0.4858 -0.6273 -0.6086
vn 0.6648 0.2011 0.7195
vn -0.5853 0.8025 0.1159
vn 0.2860 -0.7450 -0.6026
vn -0.4182 0.0897 0.9039
vn 0.0574 -0.6967 -0.7150
vn -0.7379 -0.6183 -0.2704
vn -0.9671 -0.0254 0.2531
vn -0.9906 0.0668 0.1191
vn 0.7051 0.0222 0.7088
vn -0.6312 0.7270 -0.2704
vn 0.1843 0.6137 0.7677
vn -0.4583 0.8888 -0.0012
vn -0.2380 -0.5262 0.8164
vn 0.2550 -0.3514 0.9008
vn 0.7429 0.6694 0.0008
vn 0.2187 -0.7351 -0.6417
vn -0.1244 0.3031 0.9448
vn 0.5130 -0.1272 -0.8489
vn 0.2606 0.3676 -0.8927
vn -0.5179 0.3557 -0.7780
vn -0.9244 -0.0746 0.3742
vn -0.4612 0.0125 0.8872
vn -0.4429 -0.8930 -0.0797
vn 0.7006 -0.6485 -0.2976
vn 0.1028 0.6933 0.7133
vn -0.9021 -0.1310 0.4113
vn 0.4212 -0.8119 -0.4043
vn 0.5912 0.3843 0.7091
vn -0.5031 -0.0067 -0.8642
vn 0.1672 0.5129 -0.8420
vn -0.7687 -0.3741 -0.5188
vn -0.8744 0.4816 -0.0585
vn -0.6819 0.6964 0.2236
vn -0.6790 -0.7018 0.2156
vn -0.8754 -0.4789 -0.0661
vn -0.9669 -0.2119 0.1421
vn -0.7452 -0.5264 0.4093
vn -0.4258 -0.7246 0.5419
vn -0.9457 0.1262 0.2995
vn -0.6320 -0.6150 0.4717
vn -0.8400 0.3756 0.3915
vn -0.8661 0.0895 0.4917
vn -0.6293 0.6173 0.4722
vn 0.3857 0.5944 0.7056
vn 0.4127 0.5596 -0.7187
vn -0.0731 0.7129 -0.6975
vn -0.1661 0.5481 -0.8198
vn -0.1733 0.5508 -0.8165
vn 0.0723 0.4877 -0.8700
vn -0.8300 -0.5502 0.0916
vn -0.3572 -0.2049 -0.9113
vn 0.0420 -0.6686 -0.7424
vn -0.9609 0.2247 -0.1620
vn -0.2128 -0.8935 -0.3954
vn 0.1546 0.1527 0.9761
vn -0.3367 -0.1287 0.9328
vn -0.6222 -0.4613 0.6325
vn -0.2443 -0.5572 -0.7936
vn -0.4622 0.8833 -0.0790
vn -0.6120 -0.4274 -0.6654
vn 0.6166 -0.5163 0.5944
vn 0.5832 -0.3963 0.7091
vn -0.7231 -0.3742 -0.5806
vn 0.1770 -0.7644 -0.6200
vn -0.1740 -0.4958 -0.8508
vn 0.6934 -0.4829 -0.5348
vn 0.3593 0.7639 -0.5361
vn -0.2118 0.5424 -0.8130
vn 0.3867 0.8804 -0.2744
vn -0.1885 0.9318 0.3102
vn -0.4329 0.3134 -0.8452
vn 0.2818 -0.8231 -0.4930
vn -0.2467 -0.9414 0.2298
vn -0.5663 0.6169 -0.5467
vn 0.6492 0.6029 0.4638
vn 0.2177 0.0638 0.9739
vn 0.4669 -0.6009 -0.6488
vn -0.2526 -0.5758 -0.7776
vn -0.0782 -0.8536 0.5150
vn -0.2299 -0.8525 -0.4694
vn -0.4524 -0.7341 0.5064
vn 0.5280 -0.4696 0.7076
vn -0.6349 -0.4929 -0.5950
vn -0.3686 0.8685 -0.3313
vn 0.2330 0.5590 -0.7958
vn -0.0119 0.9929 -0.1182
vn 0.3086 0.4433 0.8416
vn 0.2458 0.9491 0.1968
vn -0.2689 -0.7831 0.5607
vn -0.2950 -0.1972 0.9349
vn 0.3665 0.3829 0.8480
vn -0.2619 0.4809 0.8367
vn 0.4401 -0.8946 -0.0773
vn 0.2564 -0.4827 0.8374
vn -0.4600 0.8866 0.0481
vn 0.4877 0.5085 -0.7096
vn -0.2574 0.4833 -0.8368
vn 0.2522 -0.4905 -0.8341
vn -0.3643 -0.3321 -0.8700
vn 0.7192 0.6747 0.1662
vn 0.5971 -0.7602 0.2559
vn 0.2855 -0.9558 -0.0707
vn 0.8614 0.4853 -0.1498
vn 0.6051 0.7525 0.2600
vn 0.7224 -0.6761 0.1451
vn 0.8584 -0.4813 -0.1776
vn 0.2666 0.9620 -0.0587
vn 0.7334 0.4765 -0.4848
vn 0.6407 -0.3512 -0.6828
vn 0.5714 -0.7235 -0.3874
vn -0.6737 0.6153 0.4092
vn -0.3472 -0.7281 0.5910
vn 0.5657 0.7335 -0.3768
vn 0.7552 0.4267 -0.4976
vn 0.7269 -0.4768 -0.4943
vn -0.8033 0.5700 -0.1729
vn -0.9305 0.3215 -0.1758
vn -0.4249 -0.7701 0.4758
vn -0.4207 0.7595 0.4962
vn -0.6047 0.7928 -0.0766
vn -0.7235 -0.6771 0.1344
vn -0.8690 0.3656 0.3335
vn -0.3799 0.7468 0.5459
vn -0.3768 -0.7617 0.5271
vn -0.8733 -0.3672 0.3202
vn -0.7945 -0.5846 -0.1643
vn -0.7814 -0.5685 -0.2573
vn 0.7735 -0.4207 -0.4740
vn 0.0010 0.9967 0.0811
vn 0.9218 0.3644 0.1321
vn 0.7695 -0.5840 -0.2586
vn 0.7735 0.5867 -0.2400
vn 0.6706 -0.7318 -0.1217
vn 0.0077 -0.9976 0.0684
vn 0.7798 0.4252 -0.4595
vn 0.5049 0.6509 -0.5669
vn 0.8396 -0.5396 -0.0623
vn -0.6807 -0.6982 0.2216
vn 0.4182 0.7838 -0.4592
vn 0.8468 0.5303 -0.0406
vn 0.4949 -0.6501 -0.5766
vn 0.5147 -0.5628 -0.6469
vn -0.6826 0.6932 0.2314
vn -0.8985 -0.4316 -0.0801
vn -0.6465 -0.7363 -0.1995
vn -0.2096 0.8820 -0.4222
vn -0.8963 0.4313 -0.1028
vn -0.0947 0.9629 0.2525
vn -0.2652 0.9064 -0.3288
vn -0.8368 0.4703 0.2805
vn -0.6245 -0.7790 0.0568
vn -0.6222 0.7801 0.0664
vn -0.7914 -0.5809 0.1904
vn -0.8419 -0.4674 0.2698
vn -0.4643 -0.4982 0.7322
vn -0.6490 0.6659 0.3679
vn 0.7625 0.2731 0.5865
vn 0.2619 -0.9395 -0.2209
vn 0.2820 -0.9586 0.0404
vn 0.3872 -0.9213 -0.0373
vn -0.7474 -0.6624 0.0507
vn -0.8154 0.5223 -0.2497
vn -0.8895 0.3689 -0.2696
vn -0.5555 0.8297 -0.0545
vn -0.8905 0.1932 -0.4119
vn -0.5845 -0.7990 -0.1413
vn -0.7396 -0.6517 -0.1682
vn -0.0001 -1.0000 -0.0000
vn 0.9463 -0.1520 0.2855
vn -0.6366 0.7712 0.0042
vn -0.4871 0.7521 0.4439
vn 0.2896 -0.1834 0.9394
vn -0.4562 -0.1133 0.8827
vn -0.3787 -0.5293 -0.7592
vn 0.8514 -0.1421 -0.5049
vn -0.4297 -0.5886 0.6847
vn 0.6301 -0.4265 -0.6488
vn -0.7098 0.0151 0.7042
vn -0.7042 0.0150 0.7099
vn -0.8784 -0.0213 -0.4775
vn -0.9054 0.1512 -0.3968
vn -0.7371 -0.5135 -0.4393
vn 0.0907 0.8816 -0.4631
vn -0.6380 0.7547 -0.1527
vn 0.3895 0.9207 -0.0247
vn -0.7415 -0.5816 -0.3345
vn -0.8113 -0.5263 -0.2547
vn -0.3333 0.2462 0.9101
vn 0.3568 0.0528 0.9327
vn -0.4864 -0.7488 0.4501
vn 0.0437 -0.6513 -0.7575
vn 0.3637 -0.9212 -0.1382
vn -0.7164 0.2250 0.6604
vn 0.0993 -0.8904 -0.4442
vn -0.8218 0.2364 -0.5184
vn 0.5696 -0.7670 0.2953
vn -0.3228 -0.2417 -0.9151
vn -0.7597 0.4875 -0.4303
vn -0.6899 0.6822 -0.2424
vn 0.3909 0.9195 0.0417
vn -0.6059 -0.6643 -0.4376
vn -0.6512 -0.6491 -0.3932
vn -0.2236 0.0692 0.9722
vn -0.8913 -0.4402 0.1082
vn -0.3172 -0.6183 0.7191
vn 0.1327 0.5110 0.8493
vn 0.7061 -0.0028 0.7081
vn 0.7081 -0.0028 0.7061
vn 0.7661 0.3627 -0.5306
vn -0.8021 0.5968 0.0209
vn -0.6620 0.6482 -0.3763
vn -0.6157 0.6717 -0.4120
vn 0.3883 -0.9214 0.0137
vn -0.6916 -0.6757 -0.2552
vn -0.2091 0.8978 -0.3876
vn 0.2604 0.9438 -0.2035
vn 0.8085 -0.3695 0.4580
vn -0.6640 -0.6651 0.3417
vn 0.2047 -0.0159 -0.9787
vn 0.0070 0.1908 -0.9816
vn -0.7483 -0.4779 -0.4600
vn 0.5710 0.7617 0.3063
vn -0.5482 -0.8329 -0.0754
vn -0.6106 0.7847 0.1072
vn -0.5795 0.8065 -0.1173
vn -0.0244 -0.2420 -0.9700
vn -0.1935 -0.0098 -0.9810
vn 0.4167 0.7131 0.5638
vn -0.7690 -0.5579 -0.3119
vn -0.7345 0.6775 -0.0381
vn 0.9556 0.2561 -0.1457
vn 0.8437 -0.0040 0.5367
vn 0.9690 0.1981 0.1474
vn 0.7478 0.5331 0.3958
vn -0.7309 -0.6800 -0.0587
vn -0.7766 0.5527 -0.3023
vn -0.0512 0.6312 -0.7739
vn 0.5953 0.5728 -0.5635
vn -0.9773 0.2118 -0.0008
vn -0.5392 0.8175 -0.2026
vn 0.4007 -0.4976 0.7693
vn 0.0271 0.7135 0.7001
vn -0.2577 -0.7144 -0.6505
vn -0.3096 -0.8398 0.4460
vn 0.3686 -0.0661 0.9272
vn 0.5085 -0.7587 -0.4072
vn -0.9108 -0.0107 0.4128
vn 0.5853 0.8025 0.1158
vn -0.2860 -0.7450 -0.6026
vn 0.7379 -0.6183 -0.2704
vn -0.0573 -0.6968 -0.7150
vn 0.4188 0.0872 0.9039
vn 0.9671 -0.0254 0.2531
vn 0.9954 -0.0575 -0.0770
vn -0.5070 -0.1918 0.8403
vn -0.1842 0.6137 0.7678
vn 0.5410 0.6590 -0.5225
vn 0.4580 0.8890 -0.0012
vn -0.7426 0.6697 0.0009
vn -0.0357 -0.6679 0.7434
vn 0.3614 -0.2049 0.9096
vn -0.2186 -0.7351 -0.6417
vn -0.5061 -0.1552 -0.8484
vn -0.4842 -0.3713 0.7923
vn -0.3025 0.3520 -0.8858
vn 0.6559 0.2374 -0.7166
vn 0.8856 0.0572 0.4609
vn 0.2766 0.5170 0.8101
vn -0.4080 0.2542 0.8769
vn -0.7006 -0.6485 -0.2977
vn 0.4429 -0.8930 -0.0796
vn 0.9330 -0.0166 0.3596
vn -0.3276 -0.6025 -0.7278
vn 0.1943 -0.4384 0.8775
vn 0.5031 -0.0067 -0.8642
vn 0.2742 0.9609 0.0396
vn 0.7923 -0.2765 -0.5438
vn 0.7080 -0.0032 -0.7062
vn 0.6819 0.6964 0.2238
vn 0.8744 0.4816 -0.0586
vn 0.8754 -0.4789 -0.0662
vn 0.6790 -0.7018 0.2156
vn 0.7452 -0.5264 0.4093
vn 0.4430 -0.8514 0.2808
vn 0.2846 -0.9575 0.0462
vn 0.9384 -0.3456 -0.0016
vn 0.6320 -0.6150 0.4716
vn 0.8587 -0.1294 0.4958
vn 0.8427 -0.3986 0.3620
vn 0.6293 0.6173 0.4723
vn -0.3856 0.5944 0.7056
vn -0.0092 0.9999 -0.0088
vn 0.0028 0.8587 -0.5125
vn 0.1661 0.5481 -0.8198
vn 0.2416 0.4097 -0.8796
vn 0.0366 0.6511 -0.7581
vn 0.9577 -0.2294 -0.1737
vn -0.2587 -0.3526 -0.8993
vn 0.2304 -0.5273 -0.8179
vn 0.8324 0.5429 0.1112
vn 0.1997 -0.8950 -0.3989
vn 0.6167 0.4689 0.6324
vn -0.1546 0.1527 0.9761
vn 0.3011 0.1791 0.9366
vn 0.4620 0.8833 -0.0791
vn 0.2443 -0.5572 -0.7936
vn 0.3095 -0.2147 -0.9264
vn 0.6765 -0.5441 -0.4963
vn -0.2871 -0.1927 0.9383
vn -0.5344 -0.6847 0.4957
vn -0.1770 -0.7644 -0.6200
vn 0.1737 -0.4956 -0.8510
vn -0.6931 -0.4830 -0.5350
vn 0.2119 0.5424 -0.8129
vn -0.3594 0.7633 -0.5368
vn -0.3867 0.8805 -0.2743
vn 0.1885 0.9318 0.3102
vn 0.5728 0.4086 -0.7106
vn 0.5995 0.5395 -0.5912
vn 0.2467 -0.9415 0.2297
vn -0.2817 -0.8231 -0.4932
vn -0.6969 0.3106 0.6464
vn -0.7329 0.4128 0.5408
vn -0.4666 -0.6010 -0.6489
vn 0.0780 -0.8536 0.5150
vn 0.2525 -0.5758 -0.7776
vn 0.2299 -0.8525 -0.4694
vn 0.6349 -0.4925 -0.5953
vn -0.5280 -0.4696 0.7076
vn -0.4053 -0.6099 0.6810
vn 0.6655 0.5968 -0.4482
vn -0.2715 0.7738 -0.5722
vn 0.0118 0.9929 -0.1183
vn -0.3087 0.4431 0.8416
vn -0.6799 0.7092 -0.1864
vn -0.3666 0.3829 0.8479
vn 0.0663 -0.6304 0.7734
vn 0.5015 -0.5597 0.6597
vn 0.2541 0.4894 0.8342
vn 0.4676 0.8822 0.0556
vn -0.2543 -0.4849 0.8368
vn -0.4710 -0.8815 -0.0328
vn -0.2582 0.7847 -0.5635
vn 0.2576 0.4833 -0.8367
vn -0.2629 -0.4780 -0.8381
vn 0.3645 -0.3321 -0.8700
vn -0.7191 0.6747 0.1663
vn -0.8614 0.4854 -0.1499
vn -0.2859 -0.9556 -0.0706
vn -0.5972 -0.7602 0.2560
vn -0.6051 0.7525 0.2600
vn -0.2665 0.9620 -0.0588
vn -0.8583 -0.4816 -0.1775
vn -0.7224 -0.6761 0.1452
vn -0.7334 0.4765 -0.4849
vn 0.3467 0.7187 0.6027
vn -0.5711 -0.7238 -0.3872
vn -0.7513 -0.4346 -0.4967
vn 0.6752 -0.6195 0.4004
vn -0.7269 -0.4768 -0.4943
vn -0.6454 0.3515 -0.6782
vn -0.5660 0.7331 -0.3770
vn 0.8032 0.5701 -0.1729
vn 0.7741 0.5767 -0.2613
vn 0.4249 -0.7700 0.4760
vn 0.4209 0.7592 0.4964
vn 0.7202 0.6745 0.1621
vn 0.6094 -0.7866 -0.0996
vn 0.3793 0.7471 0.5458
vn 0.8690 0.3657 0.3334
vn 0.8735 -0.3673 0.3196
vn 0.3772 -0.7611 0.5276
vn 0.9400 -0.3015 -0.1600
vn 0.7945 -0.5846 -0.1643
vn -0.7735 -0.4206 -0.4741
vn -0.7695 -0.5840 -0.2586
vn -0.6749 0.7259 -0.1323
vn -0.0007 0.9967 0.0816
vn -0.7735 0.5866 -0.2398
vn -0.7797 0.4253 -0.4595
vn -0.0079 -0.9977 0.0680
vn -0.9157 -0.3753 0.1437
vn -0.5049 0.6509 -0.5669
vn -0.5106 0.5739 -0.6402
vn 0.6807 -0.6981 0.2218
vn -0.8396 -0.5396 -0.0624
vn -0.8468 0.5303 -0.0407
vn 0.6826 0.6932 0.2312
vn -0.4211 -0.7751 -0.4711
vn -0.4949 -0.6501 -0.5766
vn 0.8985 -0.4316 -0.0801
vn 0.1930 -0.8817 -0.4306
vn 0.6492 0.7373 -0.1867
vn 0.8964 0.4313 -0.1028
vn 0.4639 0.4828 0.7427
vn 0.7859 0.5782 0.2192
vn 0.8368 0.4703 0.2805
vn 0.6240 -0.7793 0.0567
vn 0.6226 0.7797 0.0664
vn 0.8419 -0.4674 0.2698
vn 0.2580 -0.8973 -0.3583
vn 0.1076 -0.9654 0.2377
vn -0.6362 0.7216 -0.2730
vn 0.6982 0.2850 -0.6567
vn -0.6694 0.1303 -0.7314
vn 0.1957 -0.8408 -0.5048
vn 0.0344 -0.1086 -0.9935
vn -0.1967 0.8365 -0.5114
vn 0.6654 -0.1212 -0.7366
vn 0.3426 -0.6708 -0.6578
vn -0.7030 -0.2870 -0.6507
vn 0.3213 0.6616 0.6775
vn 0.8758 0.4786 0.0627
vn 0.6375 -0.7241 -0.2631
vn 0.3867 0.2809 0.8784
vn -0.4979 0.6757 0.5437
vn -0.6645 0.1439 0.7333
vn 0.6593 0.0526 0.7500
vn -0.1326 -0.5109 0.8493
vn 0.2235 -0.0694 0.9722
vn 0.5160 -0.6670 0.5375
vn -0.4098 -0.2765 0.8692
vn -0.3078 0.2400 0.9207
vn -0.0669 0.5562 0.8284
vn 0.0001 -0.6204 0.7843
vn -0.0001 -0.6204 0.7843
vn -0.4440 0.8582 0.2574
vn -0.3530 0.7775 -0.5204
vn 0.4200 0.1983 -0.8856
vn 0.7914 0.2416 0.5615
vn -0.3518 -0.9169 -0.1883
vn 0.1562 -0.7959 -0.5849
vn -0.4170 0.1473 0.8969
vn 0.1169 -0.8781 0.4640
vn 0.6179 0.1120 0.7783
vn -0.3586 -0.7809 -0.5114
vn -0.4340 -0.8592 0.2710
vn 0.7952 -0.4030 0.4531
vn 0.4132 0.2651 -0.8712
vn 0.5257 0.8186 0.2313
vn -0.2668 0.3614 -0.8934
vn 0.3320 -0.5912 -0.7350
vn 0.4505 -0.8233 0.3451
vn -0.2487 0.9361 -0.2487
vn 0.3764 0.6220 -0.6866
vn 0.5362 -0.0511 0.8426
vn 0.1170 0.7333 0.6697
vn -0.6178 0.1121 0.7783
vn -0.5257 0.8187 0.2312
vn -0.3917 -0.8305 0.3960
vn 0.5630 0.2581 -0.7851
vn -0.2434 0.7780 0.5792
vn -0.8620 0.1018 -0.4965
vn -0.2764 -0.7183 -0.6385
vn 0.7314 -0.6810 0.0366
vn 0.5277 -0.4058 0.7462
vn -0.5344 0.4032 0.7428
vn -0.6862 -0.6622 0.3011
vn 0.3839 0.4371 0.8134
vn -0.4595 0.1598 0.8737
vn -0.5216 -0.0351 -0.8525
vn -0.2724 0.7228 -0.6351
vn 0.3542 -0.7905 0.4997
vn 0.1834 -0.4340 -0.8820
vn -0.0824 0.1521 -0.9849
vn 0.2385 -0.5283 0.8148
vn -0.2353 0.5224 0.8196
vn -0.2660 0.5891 0.7630
vn -0.2385 -0.5283 0.8148
vn 0.0824 0.1521 -0.9849
vn -0.1834 -0.4340 -0.8820
vn -0.3542 -0.7905 0.4997
vn -0.0015 0.1130 0.9936
vn 0.0928 0.2354 -0.9675
vn 0.1403 0.1853 0.9726
vn -0.3837 -0.4969 0.7784
vn 0.0539 0.4984 -0.8652
vn -0.4050 -0.8330 0.3769
vn 0.6382 0.5100 -0.5766
vn 0.2660 0.5891 0.7630
vn 0.2353 0.5224 0.8196
vn 0.2697 -0.5856 0.7644
vn 0.0857 -0.1560 -0.9840
vn -0.1886 0.4370 -0.8795
vn 0.2388 -0.5196 0.8204
vn -0.2417 0.5254 0.8158
vn -0.3596 0.7873 0.5008
vn -0.2818 -0.7559 0.5909
vn -0.3810 0.7699 -0.5120
vn -0.0610 -0.1245 -0.9903
vn -0.2748 -0.6009 0.7506
vn 0.2406 0.9690 -0.0570
vn 0.2465 0.5276 0.8130
vn -0.5727 -0.6924 0.4388
vn -0.6764 -0.3550 -0.6453
vn -0.0577 0.1206 -0.9910
vn 0.2413 -0.5319 0.8117
vn -0.4850 0.3330 0.8086
vn -0.2688 0.6058 0.7489
vn -0.2911 -0.9522 -0.0927
vn 0.2755 0.7596 0.5891
vn 0.2688 0.6058 0.7489
vn -0.2413 -0.5319 0.8117
vn 0.3820 -0.7620 -0.5229
vn 0.0577 0.1206 -0.9910
vn 0.4906 -0.3293 0.8068
vn 0.5292 0.7364 0.4215
vn -0.2465 0.5276 0.8130
vn 0.2748 -0.6009 0.7506
vn 0.6780 0.3630 -0.6392
vn 0.0610 -0.1245 -0.9903
vn -0.5774 -0.5774 0.5774
vn -0.5774 0.5774 0.5774
vn 0.5774 0.5774 0.5774
vn 0.5774 -0.5774 0.5774
vn 0.0340 -0.0340 -0.9988
vn 0.5319 -0.5318 -0.6590
vn -0.0340 -0.0340 -0.9988
vn -0.5319 0.5319 -0.6590
vn -0.0340 0.0340 -0.9988
vn 0.0340 0.0340 -0.9988
vn 0.8762 -0.0000 0.4819
vn -0.0000 -0.2990 -0.9543
vn 0.9729 -0.0000 -0.2313
vn -0.9991 -0.0000 -0.0420
vn -0.4300 -0.5092 0.7456
vn -0.9884 -0.0003 0.1518
vn 0.4300 0.5092 0.7456
vn 0.5318 0.5318 -0.6590
vn -0.4217 -0.4217 0.8027
vn -0.5318 -0.5318 -0.6590
vn 0.4217 0.4217 0.8027
vn 0.4217 -0.4217 0.8027
vn -0.4217 0.4217 0.8027
vn -0.0000 0.4231 -0.9061
vn -0.6092 0.7187 0.3351
vn 0.6092 -0.7187 0.3351
vn 0.5318 -0.5319 -0.6590
vn -0.9884 -0.0000 0.1518
vn 0.5319 0.5318 -0.6590
vn -0.0000 0.4230 -0.9061
vn 0.8762 0.0002 0.4819
vn -0.9884 -0.0002 0.1518
vn 0.3503 -0.6414 -0.6826
vn 0.4660 -0.8632 0.1942
vn 0.8511 0.0050 0.5249
vn -0.4895 0.8066 -0.3312
vn -0.1794 0.9563 -0.2307
vn 0.3270 0.8801 -0.3443
vn -0.3503 -0.6414 -0.6826
vn 0.3144 0.5749 0.7554
vn -0.8512 0.0049 0.5248
vn -0.4660 -0.8632 0.1942
vn -0.3144 0.5749 0.7554
vn 0.1792 0.9562 -0.2313
vn -0.2227 -0.3746 -0.9001
vn 0.1893 0.3242 0.9269
vn 0.1400 0.2337 0.9622
vn -0.1843 -0.3036 -0.9348
vn -0.4831 -0.8708 -0.0906
vn -0.4609 -0.8401 0.2861
vn -0.4554 0.8415 0.2906
vn -0.1733 0.3009 -0.9378
vn -0.2154 0.3798 -0.8997
vn -0.4755 0.8740 -0.1004
vn 0.1325 -0.2376 0.9623
vn 0.1816 -0.3290 0.9267
vn 0.2460 -0.9519 -0.1826
vn -0.3138 -0.9439 -0.1031
vn 0.3451 0.6536 -0.6735
vn -0.3083 -0.5851 0.7501
vn 0.7464 -0.1244 0.6537
vn 0.4606 0.8669 0.1905
vn -0.2139 -0.9573 -0.1945
vn -0.6785 -0.1930 0.7088
vn -0.4606 0.8669 0.1905
vn 0.3083 -0.5851 0.7501
vn 0.5133 -0.8538 -0.0871
vn -0.3451 0.6536 -0.6735
vn 0.4554 0.8415 0.2906
vn -0.1325 -0.2376 0.9623
vn -0.1816 -0.3290 0.9267
vn 0.4755 0.8740 -0.1004
vn 0.1733 0.3009 -0.9378
vn 0.2154 0.3798 -0.8997
vn -0.8944 0.4472 -0.0000
vn -0.4886 0.8646 0.1173
vt 0.828175 0.926222
vt 0.828175 0.947782
vt 0.828175 0.883103
vt 0.828175 0.904663
vt 0.806615 0.926222
vt 0.806615 0.947782
vt 0.849734 0.947782
vt 0.849734 0.926222
vt 0.785056 0.947782
vt 0.785056 0.926222
vt 0.806615 0.904663
vt 0.806615 0.883103
vt 0.774276 0.883103
vt 0.806615 0.969341
vt 0.828175 0.969341
vt 0.429562 0.903110
vt 0.429562 0.945768
vt 0.400659 0.945768
vt 0.400659 0.903110
vt 0.444013 0.903110
vt 0.444013 0.988425
vt 0.429562 0.988425
vt 0.487367 0.860453
vt 0.487367 0.903110
vt 0.458464 0.903110
vt 0.458464 0.860453
vt 0.472915 0.903110
vt 0.472915 0.988425
vt 0.458464 0.988425
vt 0.458464 0.903110
vt 0.602976 0.952993
vt 0.588525 0.952993
vt 0.588525 0.945768
vt 0.602976 0.945768
vt 0.516269 0.860453
vt 0.516269 0.903110
vt 0.588525 0.860453
vt 0.588525 0.945768
vt 0.574074 0.945768
vt 0.574074 0.860453
vt 0.516269 0.945768
vt 0.487367 0.945768
vt 0.602976 0.860453
vt 0.602976 0.945768
vt 0.588525 0.945768
vt 0.588525 0.860453
vt 0.602976 0.974670
vt 0.588525 0.974670
vt 0.588525 0.967444
vt 0.602976 0.967444
vt 0.400659 0.860453
vt 0.400659 0.903110
vt 0.371757 0.903110
vt 0.371757 0.860453
vt 0.530720 0.860453
vt 0.530720 0.945768
vt 0.516269 0.945768
vt 0.429562 0.860453
vt 0.400659 0.903110
vt 0.545171 0.860453
vt 0.545171 0.945768
vt 0.602976 0.960219
vt 0.588525 0.960219
vt 0.458464 0.860453
vt 0.429562 0.903110
vt 0.429562 0.860453
vt 0.559623 0.860453
vt 0.559623 0.945768
vt 0.371757 0.945768
vt 0.559623 0.945768
vt 0.559623 0.860453
vt 0.045357 0.020233
vt 0.051354 0.017234
vt 0.017354 0.020233
vt 0.011357 0.037233
vt 0.017354 0.034234
vt 0.045357 0.034234
vt 0.045357 0.013767
vt 0.017354 0.040699
vt 0.051354 0.037233
vt 0.024276 0.023694
vt 0.011357 0.017234
vt 0.038435 0.030773
vt 0.038435 0.023694
vt 0.024276 0.030773
vt 0.045357 0.040699
vt 0.017354 0.013767
vt 0.145034 0.005504
vt 0.167855 0.297696
vt 0.167855 0.005504
vt 0.145034 0.297696
vt 0.000000 0.000000
s 1
usemtl pylones
f 19/1/1 18/2/2 2/3/3 3/4/4
f 491/3/5 483/4/6 3/1/4 4/2/7
f 16/1/8 14/5/9 1/6/9 4/2/10
f 11/5/11 12/6/12 4/2/7 3/1/4
f 25/1/13 23/2/14 5/7/15 7/8/16
f 12/6/12 10/2/17 7/1/18 8/5/19
f 490/2/20 489/1/21 7/8/22 5/7/23
f 13/2/24 16/1/25 8/5/19 5/6/26
f 28/1/27 27/2/28 10/7/29 11/8/30
f 484/1/31 482/2/32 11/8/33 10/7/34
f 9/9/35 12/6/12 8/5/19 6/10/36
f 22/1/37 20/2/38 13/3/24 15/4/39
f 15/4/40 16/1/8 4/2/10 2/7/41
f 495/11/42 497/12/43 13/9/24 14/10/44
f 10/3/17 9/12/35 6/11/36 7/4/18
f 16/1/25 15/4/39 6/10/36 8/5/19
f 15/4/39 13/3/24 5/12/26 6/11/36
f 14/11/9 15/4/40 2/3/41 1/12/9
f 12/6/12 9/9/35 2/7/3 4/2/7
f 9/12/35 11/11/11 3/4/4 2/3/3
f 21/5/45 22/1/37 15/4/39 14/11/44
f 24/5/46 25/1/13 7/4/16 6/11/47
f 20/6/38 21/5/45 14/10/44 13/9/24
f 18/2/2 17/6/48 1/12/49 2/3/3
f 17/6/48 19/5/1 3/10/4 1/9/49
f 27/2/28 26/6/50 9/12/51 10/3/29
f 26/6/50 28/5/27 11/11/30 9/12/51
f 23/6/14 24/5/46 6/11/47 5/12/15
f 51/1/52 39/4/53 30/3/54 50/2/55
f 493/12/56 483/11/57 39/10/53 29/9/58
f 48/1/40 40/2/59 29/6/9 34/5/9
f 45/5/60 39/1/53 40/2/61 46/6/62
f 56/1/63 42/8/64 41/7/65 55/2/66
f 46/6/62 43/5/67 42/1/68 44/2/69
f 490/13/70 487/13/71 43/5/72 41/6/73
f 47/2/74 41/6/75 43/5/67 48/1/76
f 59/1/77 45/8/78 44/7/79 58/2/80
f 485/1/81 486/5/82 46/6/83 44/2/84
f 32/9/85 31/10/86 43/5/67 46/6/62
f 54/1/87 35/4/88 47/3/74 52/2/89
f 35/4/8 30/7/90 40/2/59 48/1/40
f 494/11/91 496/4/92 48/1/76 34/5/93
f 44/3/69 42/4/68 31/11/86 32/12/85
f 48/1/76 43/5/67 31/10/86 35/4/88
f 35/4/88 31/11/86 41/12/75 47/3/74
f 34/11/9 29/12/9 30/3/90 35/4/8
f 46/6/62 40/2/61 30/7/54 32/9/85
f 32/12/85 30/3/54 39/4/53 45/11/60
f 53/5/94 34/11/93 35/4/88 54/1/87
f 38/5/95 31/11/96 42/4/64 56/1/63
f 52/6/89 47/9/74 34/10/93 53/5/94
f 50/2/55 30/3/54 29/12/58 49/6/97
f 49/6/97 29/9/58 39/10/53 51/5/52
f 58/2/80 44/3/79 32/12/98 57/6/99
f 57/6/99 32/12/98 45/11/78 59/5/77
f 55/6/66 41/12/65 31/11/96 38/5/95
f 106/5/100 107/1/101 66/1/102 65/5/103
f 65/5/104 66/1/105 64/6/106
f 95/2/107 96/1/108 65/5/109 64/6/110
f 66/1/111 63/8/112 62/7/113 64/2/114
f 102/1/115 100/2/116 68/3/117 70/4/118
f 82/5/119 81/6/120 290/2/121 187/1/122
f 81/6/120 77/14/123 68/15/124 67/14/125 189/15/126 290/2/121
f 72/4/127 76/1/128 75/5/129
f 76/1/128 74/2/130 68/3/131 70/4/132
f 73/6/133 74/2/130 71/14/134
f 100/2/135 102/1/136 75/5/129 73/6/133
f 131/5/137 126/5/138 117/1/139 115/2/140 129/6/141
f 81/2/142 78/15/143 77/14/144
f 96/5/145 95/6/146 81/2/142 82/1/147
f 88/6/148 86/14/149 71/15/150 74/2/151
f 83/11/152 85/5/153 76/1/154 72/4/155
f 87/4/156 91/1/157 90/5/158
f 91/1/157 89/2/159 78/3/143 80/4/160
f 88/6/148 89/2/159 86/14/149
f 87/11/156 90/5/158 85/1/153 84/4/161
f 89/2/162 91/1/163 65/5/164 64/6/165
f 92/12/166 93/3/167 94/11/168
f 95/2/107 93/15/167 92/14/166
f 94/11/169 96/5/145 82/1/147 80/4/160
f 93/15/167 95/2/107 64/6/110 62/14/170
f 126/1/171 102/1/136 101/5/172
f 101/5/173 102/1/115 70/4/118 69/11/174
f 99/6/175 100/2/135 97/14/176
f 98/10/177 101/5/177 99/6/177 97/9/177
f 97/15/176 100/2/135 73/6/133 71/14/134
f 92/12/178 94/11/179 87/4/180 86/3/181
f 95/6/182 92/14/178 86/15/181 89/2/183
f 96/5/184 95/6/182 89/2/183 91/1/185
f 94/11/179 96/5/184 91/1/185 87/4/180
f 88/6/148 90/5/158 79/11/186 77/12/144
f 89/2/159 88/6/148 77/14/144 78/15/143
f 123/1/187 187/1/188 186/5/189
f 79/11/190 82/5/119 187/1/122 191/4/191 69/11/192 70/4/193
f 191/4/191 189/3/126 67/12/125 69/11/192
f 77/12/123 79/11/190 70/4/193 68/3/124
f 95/6/146 92/14/194 78/15/143 81/2/142
f 92/12/194 94/11/169 80/4/160 78/3/143
f 96/1/108 94/4/168 63/11/195 65/5/109
f 94/4/168 93/3/167 62/12/170 63/11/195
f 102/1/136 98/4/196 72/11/127 75/5/129
f 98/4/196 97/3/176 71/12/134 72/11/127
f 86/12/149 87/11/156 84/4/161 83/11/152 72/4/155 71/3/150
f 86/15/197 89/2/162 64/6/165 62/14/198
f 91/1/163 87/4/199 63/11/200 65/5/164
f 87/4/199 86/3/197 62/12/198 63/11/200
f 100/2/116 99/6/201 67/14/202 68/15/117
f 99/6/201 101/5/173 69/11/174 67/12/202
f 75/5/129 76/1/128 70/4/132 69/11/203
f 74/2/130 73/6/133 67/14/204 68/15/131
f 73/6/133 75/5/129 69/11/203 67/12/204
f 82/5/205 81/6/206 74/2/207 76/1/208
f 79/11/209 82/5/205 76/1/208 72/4/210
f 81/6/206 77/14/211 71/15/212 74/2/207
f 77/12/211 79/11/209 72/4/210 71/3/212
f 90/5/158 91/1/157 80/4/160 79/11/186
f 104/11/213 106/5/100 65/5/103 63/11/214
f 106/5/104 105/2/215 107/1/105
f 136/2/216 105/6/217 106/5/218 137/1/219
f 107/1/220 105/2/215 103/7/221 104/8/222
f 143/1/223 111/4/224 109/3/225 141/2/226
f 123/5/227 235/1/228 144/2/229 122/6/230
f 122/6/230 144/2/229 236/15/231 108/14/232 109/15/233 118/14/234
f 113/11/235 116/5/236 117/1/237
f 117/1/237 111/4/238 109/3/239 115/2/240
f 114/6/241 112/15/242 115/2/240
f 141/2/243 114/6/241 116/5/236 143/1/223
f 120/11/244 123/5/245 82/5/245 79/11/244
f 122/6/246 118/14/247 119/15/248
f 137/5/249 123/1/250 122/2/246 136/6/251
f 129/6/141 115/2/140 112/15/252 127/14/253
f 124/11/244 126/5/245 85/5/245 83/11/244
f 124/11/254 113/4/255 117/1/139 126/5/138
f 128/11/256 131/5/137 132/1/257
f 132/1/257 121/4/258 119/3/248 130/2/259
f 129/6/141 127/15/253 130/2/259
f 128/11/256 125/4/260 126/1/138 131/5/137
f 130/2/261 105/6/262 106/5/263 132/1/264
f 133/12/265 135/4/266 134/3/267
f 136/6/216 133/14/265 134/15/267
f 135/11/268 121/4/258 123/1/250 137/5/249
f 134/15/267 103/14/269 105/6/217 136/2/216
f 142/5/270 143/1/223 85/5/271
f 142/5/270 110/11/272 111/4/224 143/1/223
f 140/6/273 138/15/274 141/2/243
f 139/10/275 138/9/276 140/6/277 142/5/270
f 138/15/274 112/14/242 114/6/241 141/2/243
f 133/12/278 127/3/279 128/4/280 135/11/281
f 136/6/282 130/2/283 127/15/279 133/14/278
f 137/5/284 132/1/285 130/2/283 136/6/282
f 135/11/281 128/4/280 132/1/285 137/5/284
f 129/6/141 118/12/247 120/11/286 131/5/137
f 130/2/259 119/15/248 118/14/247 129/6/141
f 234/5/287 235/1/288 82/5/289
f 234/5/290 233/6/291 144/2/292 235/1/293
f 120/11/294 111/4/295 110/11/296 238/4/297 235/1/228 123/5/227
f 238/4/297 110/11/296 108/12/232 236/3/231
f 118/12/234 109/3/233 111/4/295 120/11/294
f 136/6/251 122/2/246 119/15/248 133/14/298
f 133/12/298 119/3/248 121/4/258 135/11/268
f 137/1/219 106/5/218 104/11/299 135/4/266
f 135/4/266 104/11/299 103/12/269 134/3/267
f 143/1/223 116/5/236 113/11/235 139/4/275
f 139/4/275 113/11/235 112/12/242 138/3/274
f 127/12/253 112/3/252 113/4/255 124/11/254 125/4/260 128/11/256
f 127/15/300 103/14/301 105/6/262 130/2/261
f 132/1/264 106/5/263 104/11/302 128/4/303
f 128/4/303 104/11/302 103/12/301 127/3/300
f 141/2/226 109/15/225 108/14/304 140/6/277
f 140/6/277 108/12/304 110/11/272 142/5/270
f 116/5/236 110/11/305 111/4/238 117/1/237
f 115/2/240 109/15/239 108/14/306 114/6/241
f 114/6/241 108/12/306 110/11/305 116/5/236
f 123/5/307 117/1/308 115/2/309 122/6/310
f 120/11/311 113/4/312 117/1/308 123/5/307
f 122/6/310 115/2/309 112/15/313 118/14/314
f 118/12/314 112/3/313 113/4/312 120/11/311
f 131/5/137 120/11/286 121/4/258 132/1/257
f 123/1/245 121/4/315 80/4/315 82/1/245
f 121/4/315 120/11/244 79/11/244 80/4/315
f 126/1/245 125/4/315 84/4/315 85/1/245
f 125/4/315 124/11/244 83/11/244 84/4/315
f 107/1/101 104/8/213 63/8/214 66/1/102
f 120/11/316 123/5/187 186/5/189 190/10/317
f 123/1/187 121/4/318 191/4/319 187/1/188
f 121/4/318 120/11/316 190/11/317 191/4/319
f 237/10/320 234/5/287 82/5/289 79/11/321
f 235/1/288 238/4/322 80/4/323 82/1/289
f 238/4/322 237/11/320 79/11/321 80/4/323
f 123/1/324 66/1/325 65/5/326
f 106/5/327 107/1/328 82/5/329
f 104/11/330 106/5/327 82/5/329 79/11/331
f 120/11/332 123/5/324 65/5/326 63/11/333
f 107/1/328 104/8/330 80/4/334 82/1/329
f 104/11/330 79/11/331 80/4/334
f 123/1/324 121/4/335 63/8/333 66/1/325
f 121/4/335 120/11/332 63/4/333
f 139/10/275 142/5/270 85/5/271 83/11/336
f 143/1/223 139/4/275 84/4/337 85/1/271
f 139/11/275 83/11/336 84/4/337
f 124/11/338 126/5/171 101/5/172 98/10/196
f 126/1/171 125/4/339 98/4/196 102/1/136
f 125/4/339 124/11/338 98/4/196
f 126/1/340 66/1/341 65/5/342
f 106/5/343 107/1/344 85/5/345
f 104/11/346 106/5/343 85/5/345 83/11/347
f 124/11/348 126/5/340 65/5/342 63/11/349
f 126/1/340 125/4/350 63/8/349 66/1/341
f 125/4/350 124/11/348 63/4/349
f 107/1/344 104/8/346 84/4/351 85/1/345
f 104/11/346 83/11/347 84/4/351
f 195/5/352 148/5/353 149/1/354 196/1/355
f 148/5/356 147/2/357 149/1/358
f 178/2/359 147/6/360 148/5/361 179/1/362
f 149/1/363 147/2/364 145/7/365 146/8/366
f 185/1/367 153/4/368 151/3/369 183/2/370
f 165/5/371 191/1/372 189/2/373 164/6/374
f 164/6/374 189/2/373 290/15/375 150/14/376 151/15/377 160/14/378
f 155/4/379 158/5/380 159/1/381
f 159/1/381 153/4/382 151/3/383 157/2/384
f 156/6/385 154/14/386 157/2/384
f 183/2/387 156/6/385 158/5/380 185/1/367
f 220/5/388 218/6/389 204/2/390 206/1/391 215/1/392
f 164/2/393 160/14/394 161/15/395
f 179/5/396 165/1/397 164/2/393 178/6/398
f 171/6/399 157/2/400 154/15/401 169/14/402
f 166/11/403 155/4/404 159/1/405 168/5/406
f 170/4/407 173/5/408 174/1/409
f 174/1/409 163/4/410 161/3/395 172/2/411
f 171/6/399 169/14/402 172/2/411
f 170/11/407 167/4/412 168/1/406 173/5/408
f 172/2/413 147/6/414 148/5/415 174/1/416
f 175/12/417 177/4/418 176/3/419
f 178/2/359 175/14/417 176/15/419
f 177/11/420 163/4/410 165/1/397 179/5/396
f 176/15/419 145/14/421 147/6/360 178/2/359
f 215/1/422 184/5/423 185/1/367
f 184/5/423 152/11/424 153/4/368 185/1/367
f 182/6/175 180/14/425 183/2/387
f 181/10/426 180/9/427 182/6/428 184/5/423
f 180/15/425 154/14/386 156/6/385 183/2/387
f 175/12/429 169/3/430 170/4/431 177/11/432
f 178/6/433 172/2/434 169/15/430 175/14/429
f 179/5/435 174/1/436 172/2/434 178/6/433
f 177/11/432 170/4/431 174/1/436 179/5/435
f 171/6/399 160/12/394 162/11/437 173/5/408
f 172/2/411 161/15/395 160/14/394 171/6/399
f 188/12/438 186/11/439 187/4/440 290/3/441
f 212/1/442 190/5/443 191/1/444
f 190/5/445 188/6/438 189/2/446 191/1/447
f 186/10/439 188/6/438 190/5/445
f 162/11/448 153/4/449 152/11/450 187/4/451 191/1/372 165/5/371
f 187/4/451 152/11/450 150/12/376 290/3/375
f 160/12/378 151/3/377 153/4/449 162/11/448
f 178/6/398 164/2/393 161/15/395 175/14/452
f 175/12/452 161/3/395 163/4/410 177/11/420
f 179/1/362 148/5/361 146/11/453 177/4/418
f 177/4/418 146/11/453 145/12/421 176/3/419
f 185/1/367 158/5/380 155/11/379 181/4/426
f 181/4/426 155/11/379 154/12/386 180/3/425
f 169/12/402 154/3/401 155/4/404 166/11/403 167/4/412 170/11/407
f 169/15/454 145/14/455 147/6/414 172/2/413
f 174/1/416 148/5/415 146/11/456 170/4/457
f 170/4/457 146/11/456 145/12/455 169/3/454
f 183/2/370 151/15/369 150/14/458 182/6/428
f 182/6/428 150/12/458 152/11/424 184/5/423
f 158/5/380 152/11/459 153/4/382 159/1/381
f 157/2/384 151/15/383 150/14/460 156/6/385
f 156/6/385 150/12/460 152/11/459 158/5/380
f 165/5/461 159/1/462 157/2/463 164/6/464
f 162/11/465 155/4/466 159/1/462 165/5/461
f 164/6/464 157/2/463 154/15/467 160/14/468
f 160/12/468 154/3/467 155/4/466 162/11/465
f 173/5/408 162/11/437 163/4/410 174/1/409
f 193/11/469 146/11/470 148/5/353 195/5/352
f 195/5/356 196/1/358 194/6/471
f 225/2/472 226/1/473 195/5/474 194/6/475
f 196/1/315 193/8/476 192/7/477 194/2/478
f 232/1/479 230/2/480 198/3/481 200/4/482
f 211/6/483 207/14/484 198/15/485 197/14/486 144/15/487 236/2/488
f 202/11/489 206/1/490 205/5/491
f 206/1/490 204/2/492 198/3/493 200/4/494
f 203/6/495 204/2/492 201/15/496
f 230/2/497 232/1/479 205/5/491 203/6/495
f 90/5/158 88/6/148 74/2/151 76/1/154 85/1/153
f 209/11/498 162/11/498 165/5/499 212/5/499
f 211/6/500 208/15/501 207/14/502
f 226/5/503 225/6/504 211/2/500 212/1/505
f 218/6/389 216/14/506 201/15/507 204/2/390
f 213/11/498 166/11/498 168/5/499 215/5/499
f 213/11/508 215/5/392 206/1/391 202/4/509
f 217/11/510 221/1/511 220/5/388
f 221/1/511 219/2/512 208/3/501 210/4/513
f 218/6/389 219/2/512 216/15/506
f 217/11/510 220/5/388 215/1/392 214/4/514
f 219/2/515 221/1/516 195/5/517 194/6/518
f 222/12/519 223/3/520 224/11/521
f 225/6/472 223/15/520 222/14/519
f 224/11/522 226/5/503 212/1/505 210/4/513
f 223/15/520 225/2/472 194/6/475 192/14/523
f 231/5/524 168/5/525 232/1/479
f 231/5/524 232/1/479 200/4/482 199/11/526
f 229/6/273 230/2/497 227/15/527
f 228/10/528 231/5/524 229/6/529 227/9/530
f 227/15/527 230/2/497 203/6/495 201/14/496
f 222/12/531 224/11/532 217/4/533 216/3/534
f 225/6/535 222/14/531 216/15/534 219/2/536
f 226/5/537 225/6/535 219/2/536 221/1/538
f 224/11/532 226/5/537 221/1/538 217/4/533
f 218/6/389 220/5/388 209/11/539 207/12/502
f 219/2/512 218/6/389 207/14/502 208/15/501
f 237/5/540 165/5/541 238/1/542
f 237/5/543 238/1/544 236/2/545 233/6/291
f 234/10/290 237/5/543 233/9/291
f 238/1/546 235/4/547 199/11/548 200/4/549 209/11/550 212/5/551
f 235/4/547 144/3/487 197/12/486 199/11/548
f 207/12/484 209/11/550 200/4/549 198/3/485
f 225/6/504 222/14/552 208/15/501 211/2/500
f 222/12/552 224/11/522 210/4/513 208/3/501
f 226/1/473 224/4/521 193/11/553 195/5/474
f 224/4/521 223/3/520 192/12/523 193/11/553
f 232/1/479 228/4/528 202/11/489 205/5/491
f 228/4/528 227/3/527 201/12/496 202/11/489
f 216/12/506 217/11/510 214/4/514 213/11/508 202/4/509 201/3/507
f 173/5/408 168/5/406 159/1/405 157/2/400 171/6/399
f 216/15/554 219/2/515 194/6/518 192/14/555
f 221/1/516 217/4/556 193/11/557 195/5/517
f 217/4/556 216/3/554 192/12/555 193/11/557
f 230/2/480 229/6/529 197/14/558 198/15/481
f 229/6/529 231/5/524 199/11/526 197/12/558
f 205/5/491 206/1/490 200/4/494 199/11/559
f 204/2/492 203/6/495 197/14/560 198/15/493
f 203/6/495 205/5/491 199/11/559 197/12/560
f 212/5/561 211/6/562 204/2/563 206/1/564
f 209/11/565 212/5/561 206/1/564 202/4/566
f 211/6/562 207/14/567 201/15/568 204/2/563
f 207/12/567 209/11/565 202/4/566 201/3/568
f 220/5/388 221/1/511 210/4/513 209/11/539
f 212/1/499 165/1/499 163/4/476 210/4/476
f 210/4/476 163/4/476 162/11/498 209/11/498
f 215/1/499 168/1/499 167/4/476 214/4/476
f 214/4/476 167/4/476 166/11/498 213/11/498
f 196/1/355 149/1/354 146/8/470 193/8/469
f 209/11/569 186/10/570 190/5/443 212/5/442
f 212/1/442 191/1/444 187/4/571 210/4/572
f 210/4/572 187/4/571 186/11/570 209/11/569
f 234/10/573 162/11/574 165/5/541 237/5/540
f 238/1/542 165/1/541 163/4/575 235/4/576
f 235/4/576 163/4/575 162/11/574 234/11/573
f 212/1/577 148/5/578 149/1/579
f 195/5/580 165/5/581 196/1/582
f 193/11/583 162/11/584 165/5/581 195/5/580
f 209/11/585 146/11/586 148/5/578 212/5/577
f 196/1/582 165/1/581 163/4/587 193/8/583
f 193/4/583 163/4/587 162/11/584
f 212/1/577 149/1/579 146/8/586 210/4/588
f 210/4/588 146/11/586 209/11/585
f 228/10/528 166/11/589 168/5/525 231/5/524
f 232/1/479 168/1/525 167/4/590 228/4/528
f 228/11/528 167/4/590 166/11/589
f 213/11/591 181/10/426 184/5/423 215/5/422
f 215/1/422 185/1/367 181/4/426 214/4/592
f 214/4/592 181/4/426 213/11/591
f 215/1/593 148/5/594 149/1/595
f 195/5/596 168/5/597 196/1/598
f 193/11/599 166/11/600 168/5/597 195/5/596
f 213/11/601 146/11/602 148/5/594 215/5/593
f 215/1/593 149/1/595 146/8/602 214/4/603
f 214/4/603 146/11/602 213/11/601
f 196/1/598 168/1/597 167/4/604 193/8/599
f 193/4/599 167/4/604 166/11/600
f 246/1/605 245/2/606 239/3/607 240/4/608
f 254/1/609 253/5/610 242/6/611 241/2/612
f 227/5/613 242/1/611 240/4/608 266/11/614 267/4/615 229/11/616
f 244/5/617 246/1/605 240/4/608 242/11/611
f 280/5/618 279/6/619 245/2/620 246/1/605
f 248/8/621 250/1/622 245/2/606 243/15/623
f 253/14/610 251/15/624 249/2/625 247/6/626
f 259/5/627 257/6/628 249/2/625 250/1/629
f 252/10/630 253/9/610 247/6/626 250/5/622
f 252/8/630 254/1/609 241/2/612 239/15/607
f 260/14/631 261/15/632 258/2/633 257/6/634
f 97/14/635 247/15/626 249/2/625 257/6/628 258/2/636 99/6/637
f 255/11/638 259/5/627 250/1/629 248/8/621
f 101/5/639 99/6/637 258/2/636 259/1/640
f 262/11/641 260/12/631 257/6/634 259/5/642
f 268/6/643 269/2/644 264/1/645 263/5/646
f 260/14/647 251/15/624 253/2/610 180/6/648 182/14/649 261/15/650
f 262/11/651 263/5/652 254/1/609 252/8/653
f 281/1/654 279/2/655 265/3/656 267/4/657
f 227/5/613 228/6/658 269/2/659 268/6/660 241/2/612 242/1/611
f 265/14/661 268/6/643 263/5/646 262/11/662
f 141/1/663 143/2/664 232/3/665 230/4/663
f 227/1/104 271/2/104 228/6/104
f 276/1/666 181/5/667 228/6/668 271/2/669
f 139/12/356 272/3/356 138/11/356
f 140/5/670 141/1/663 230/4/663 229/11/671
f 102/1/666 101/5/667 273/6/668 143/2/669
f 279/2/672 281/1/673 140/5/674 273/6/675
f 274/8/676 102/1/666 143/2/669 272/7/677
f 182/14/678 183/15/679 100/2/679 99/6/680
f 98/11/681 101/5/639 259/1/640 256/8/682
f 275/11/683 182/12/678 99/6/680 101/5/683
f 185/8/676 276/1/666 271/2/669 232/15/677
f 275/11/684 181/5/685 264/1/686 262/8/687
f 244/4/617 138/11/688 140/5/674 281/1/673 280/5/618 246/1/605
f 280/5/689 281/1/654 267/4/657 266/11/690
f 277/14/691 279/6/692 259/5/693 255/11/694
f 244/4/617 243/3/623 277/12/695 278/3/696 139/12/697 138/11/688
f 278/7/696 279/2/672 273/6/675 139/14/697
f 268/6/660 265/14/698 239/15/699 241/2/612
f 265/12/698 266/11/614 240/4/608 239/3/699
f 228/6/658 270/14/700 265/15/701 269/2/659
f 270/12/700 229/11/616 267/4/615 265/3/701
f 245/6/606 244/5/617 242/10/611 239/9/607
f 279/6/619 277/14/695 243/15/623 245/2/620
f 279/6/655 280/5/689 266/11/690 265/12/656
f 250/5/622 247/10/626 244/9/617 245/6/606
f 247/11/626 248/4/621 243/3/623 244/12/617
f 251/7/624 252/8/630 250/1/622 249/2/625
f 253/5/610 252/10/630 239/9/607 242/6/611
f 260/12/647 262/11/651 252/8/653 251/7/624
f 269/2/644 265/15/661 262/8/662 264/1/645
f 261/7/632 262/8/641 259/1/642 258/2/633
f 279/2/692 278/7/702 256/8/703 259/1/693
f 278/3/702 277/12/691 255/11/694 256/4/703
f 255/11/638 248/4/621 247/3/626 97/12/635 98/11/681 256/4/682
f 263/5/652 264/1/686 181/5/685 180/6/648 253/2/610 254/1/609
f 182/12/649 275/11/684 262/8/687 261/7/650
f 183/7/679 185/8/704 102/1/705 100/2/679
f 185/4/704 275/11/683 101/5/683 102/1/705
f 181/5/667 275/11/706 270/14/707 228/6/668
f 275/11/706 185/4/676 232/3/677 270/12/707
f 101/5/667 98/11/706 139/14/707 273/6/668
f 98/11/706 274/4/676 272/3/677 139/12/707
f 143/2/664 273/6/708 270/12/708 232/3/665
f 273/6/708 140/5/670 229/11/671 270/12/708
f 281/1/709 279/2/710 239/7/711 240/8/712
f 264/1/713 263/5/714 283/6/715 241/2/716
f 260/14/717 261/15/718 249/2/719 287/6/720
f 259/1/721 258/2/722 251/7/723 252/8/724
f 268/6/725 269/2/726 254/1/727 289/5/728
f 256/8/729 259/1/730 245/2/731 243/7/732
f 262/10/733 260/9/717 287/6/720 250/5/734
f 262/8/735 264/1/713 241/2/716 239/7/736
f 266/10/737 265/9/738 245/6/739 285/5/740
f 265/9/741 268/6/725 289/5/728 252/10/742
f 280/5/743 281/1/709 240/4/712 282/11/744
f 277/9/745 279/6/746 250/5/747 286/10/748
f 279/2/746 278/7/749 248/8/750 250/1/747
f 278/3/749 277/12/745 286/11/748 248/4/750
f 279/6/710 280/5/743 282/10/744 239/9/711
f 263/5/714 262/10/735 239/9/736 283/6/715
f 261/7/718 262/8/733 250/1/734 249/2/719
f 259/5/730 255/10/751 284/9/752 245/6/731
f 255/11/751 256/4/729 243/3/732 284/12/752
f 265/7/738 267/8/753 246/1/754 245/2/739
f 267/4/753 266/11/737 285/5/740 246/1/754
f 269/2/726 265/7/741 252/8/742 254/1/727
f 258/2/722 257/6/755 288/14/756 251/15/723
f 257/6/755 259/5/721 252/10/724 288/9/756
f 273/6/757 143/2/758 259/5/759
f 182/14/760 183/15/761 258/2/762 257/6/763
f 102/1/764 100/2/765 261/7/766 262/8/767
f 228/6/768 271/2/769 264/1/770 263/5/771
f 141/1/772 143/2/773 265/7/774 267/8/775
f 276/1/776 181/5/777 268/6/778 269/2/779
f 281/1/780 279/2/781 232/7/782 230/8/783
f 270/9/784 228/6/768 263/5/771 262/10/785
f 140/5/786 141/1/772 267/4/775 266/11/787
f 139/9/788 273/6/757 259/5/759 255/10/789
f 279/2/790 102/1/791 101/5/792
f 101/5/793 102/1/764 262/11/767
f 275/10/794 182/9/760 257/6/763 259/5/795
f 185/8/796 276/1/776 269/2/779 265/7/797
f 278/3/798 277/12/799 98/11/800 274/4/801
f 279/2/790 278/7/798 274/8/801 102/1/791
f 279/6/781 280/5/802 229/10/803 270/9/804
f 279/6/781 270/12/804 232/3/782
f 100/2/765 99/6/805 260/14/806 261/15/766
f 273/6/807 140/5/786 266/10/787 265/9/774
f 143/2/773 273/6/807 265/3/774
f 232/3/808 270/12/784 262/4/785
f 99/6/805 101/5/793 262/10/767 260/9/806
f 271/2/769 232/7/808 262/8/785 264/1/770
f 143/2/758 272/7/809 256/8/810 259/1/759
f 275/11/811 185/4/796 265/12/797
f 181/5/777 275/10/811 265/9/797 268/6/778
f 185/4/812 275/11/794 259/1/795
f 272/3/809 139/12/788 255/11/789 256/4/810
f 183/7/761 185/8/812 259/1/795 258/2/762
f 280/5/802 281/1/780 230/4/783 229/11/803
f 277/9/799 279/6/790 101/5/792 98/10/800
f 189/3/813 236/4/814 233/11/815 188/12/816
f 290/2/817 144/1/818 236/8/814 189/7/813
f 188/6/816 233/5/815 144/1/818 290/2/817
f 312/5/819 313/1/820 294/1/820 293/5/819
f 64/2/821 66/1/822 293/5/823 292/6/824
f 301/5/825 300/6/826 292/2/824 294/1/827
f 302/1/828 300/2/829 295/3/830 297/4/831
f 23/14/832 295/14/833 62/15/834 64/2/835
f 320/5/819 321/1/820 302/1/820 301/5/819
f 301/5/836 302/1/828 297/4/831 296/11/837
f 299/11/838 301/5/825 294/1/827 291/4/839
f 308/5/840 305/6/841 300/2/826 302/1/842
f 309/1/843 305/2/841 23/7/844 304/8/845
f 26/5/846 27/1/476 25/1/476 24/5/846
f 303/11/847 24/5/848 298/1/849 297/4/850
f 21/11/851 20/12/852 23/2/853 25/1/854
f 305/3/855 307/4/856 306/11/857
f 327/5/846 328/1/476 309/1/476 308/5/846
f 308/5/840 309/1/843 304/4/845 303/11/858
f 388/5/859 52/6/860 55/7/861 342/8/862
f 306/11/863 308/5/840 302/1/842 299/4/838
f 309/1/864 307/8/865 305/2/866
f 66/1/822 63/4/867 291/11/839 293/5/823
f 295/3/868 297/4/869 294/1/827 292/2/824
f 296/11/870 295/12/868 292/6/824 293/5/823
f 299/11/838 291/11/839 63/4/867 62/3/871 305/12/841 306/11/863
f 297/4/869 296/11/870 293/5/823 294/1/827
f 23/7/872 304/8/873 302/1/874 300/2/875
f 300/6/829 301/5/836 296/11/837 295/12/830
f 304/4/873 303/11/876 301/5/877 302/1/874
f 303/11/876 23/12/872 300/6/875 301/5/877
f 305/14/841 62/15/871 64/2/821 292/2/824 300/2/826
f 305/6/841 308/5/840 303/11/858 23/12/844
f 324/12/878 103/3/879 104/4/880 310/4/881 318/4/882 325/11/883
f 317/1/884 66/1/885 65/5/886
f 63/10/887 65/5/888 64/6/887 62/9/889
f 26/5/890 317/5/891 107/1/892 105/2/893 28/6/894
f 66/1/895 63/4/896 296/11/897 298/5/849
f 63/4/896 62/3/834 295/12/833 296/11/897
f 23/12/832 303/11/847 297/4/850 295/3/833
f 310/11/356 312/5/819 293/5/819 291/11/356
f 105/2/898 311/6/899 312/5/900 107/1/901
f 320/5/902 313/1/903 311/2/899 319/6/904
f 321/1/905 316/4/906 314/3/907 319/2/908
f 315/11/909 317/5/104 298/5/104 296/11/909
f 28/6/894 105/2/893 103/15/910 314/15/911
f 318/11/356 320/5/819 301/5/819 299/11/356
f 320/5/912 315/11/913 316/4/906 321/1/905
f 318/11/882 310/4/881 313/1/903 320/5/902
f 327/5/914 321/1/915 319/2/904 324/6/878
f 328/1/916 323/8/917 28/7/918 324/2/878
f 322/11/919 26/5/846 24/5/846 303/11/919
f 322/11/920 316/4/921 317/1/891 26/5/890
f 19/11/922 17/12/923 27/1/924 28/2/925
f 324/12/926 325/11/927 326/4/928
f 325/11/919 327/5/846 308/5/846 306/11/919
f 327/5/914 322/11/929 323/4/917 328/1/916
f 443/6/930 19/5/922 28/7/925 323/8/931
f 325/11/883 318/4/882 321/1/915 327/5/914
f 328/1/932 324/7/933 326/8/934
f 107/1/901 312/5/900 310/11/881 104/4/880
f 314/3/935 311/2/899 313/1/903 316/4/936
f 315/11/937 312/5/900 311/6/899 314/12/935
f 316/4/936 313/1/903 312/5/900 315/11/937
f 28/7/938 319/2/939 321/1/940 323/8/941
f 319/6/908 314/12/907 315/11/913 320/5/912
f 323/4/941 321/1/940 320/5/942 322/11/943
f 322/11/943 320/5/942 319/6/939 28/12/938
f 319/6/904 311/6/899 105/2/898 103/15/879 324/6/878
f 324/6/878 28/12/918 322/11/929 327/5/914
f 106/5/944 107/1/945 298/5/946
f 104/10/947 103/9/948 105/6/949 106/5/950
f 107/1/892 317/5/891 315/11/951 104/4/952
f 104/4/952 315/11/951 314/12/911 103/3/910
f 28/12/894 314/3/911 316/4/921 322/11/920
f 317/1/104 316/4/953 297/4/953 298/1/104
f 316/4/953 315/11/909 296/11/909 297/4/953
f 321/1/820 318/4/356 299/4/356 302/1/820
f 313/1/820 310/4/356 291/4/356 294/1/820
f 328/1/476 326/8/315 307/8/315 309/1/476
f 326/4/315 325/11/919 306/11/919 307/4/315
f 27/1/476 323/8/315 304/8/315 25/1/476
f 323/4/315 322/11/919 303/11/919 304/4/315
f 315/11/954 317/5/884 65/5/886 63/10/955
f 317/1/884 316/4/956 63/4/955 66/1/885
f 316/4/956 315/11/954 63/4/955
f 317/1/957 25/1/958 24/5/959
f 315/11/960 317/5/957 24/5/959 303/11/961
f 317/1/957 316/4/962 304/8/963 25/1/958
f 316/4/962 315/11/960 303/11/961 304/4/963
f 26/5/964 27/1/965 298/5/966
f 322/11/967 26/5/964 298/5/966 296/11/968
f 27/1/965 323/8/969 297/4/970 298/1/966
f 323/4/969 322/11/967 296/11/968 297/4/970
f 104/10/971 106/5/944 298/5/946 296/11/972
f 107/1/945 104/4/971 297/4/973 298/1/946
f 104/11/971 296/11/972 297/4/973
f 312/5/974 313/1/975 66/1/976 65/5/977
f 310/11/978 312/5/974 65/5/977 63/10/979
f 313/1/975 310/4/978 63/4/979 66/1/976
f 312/5/980 313/1/981 302/1/982 301/5/983
f 310/11/984 312/5/980 301/5/983 299/11/985
f 313/1/981 310/4/984 299/4/985 302/1/982
f 320/5/986 321/1/987 294/1/988 293/5/989
f 318/11/990 320/5/986 293/5/989 291/11/991
f 321/1/987 318/4/990 291/4/991 294/1/988
f 106/5/992 107/1/993 294/1/994 293/5/995
f 104/10/996 106/5/992 293/5/995 291/11/997
f 107/1/993 104/4/996 291/4/997 294/1/994
f 320/5/998 321/1/999 309/1/1000 308/5/1001
f 318/11/1002 320/5/998 308/5/1001 306/11/1003
f 321/1/999 318/4/1002 307/8/1004 309/1/1000
f 318/11/1002 306/11/1003 307/4/1004
f 327/5/1005 328/1/1006 302/1/1007 301/5/1008
f 325/11/1009 327/5/1005 301/5/1008 299/11/1010
f 328/1/1006 326/8/1011 299/4/1010 302/1/1007
f 326/4/1011 325/11/1009 299/4/1010
f 350/5/909 331/5/909 332/1/953 351/1/953
f 147/2/1012 330/6/1013 331/5/1014 149/1/1015
f 339/5/1016 332/1/1017 330/2/1013 338/6/1018
f 340/1/1019 335/4/1020 333/3/1021 338/2/1022
f 145/15/1023 333/15/1024 55/6/1025 147/2/1026
f 359/5/909 339/5/909 340/1/953 360/1/953
f 339/5/1027 334/11/1028 335/4/1020 340/1/1019
f 337/11/1029 329/4/1030 332/1/1017 339/5/1016
f 346/5/1031 340/1/1032 338/2/1018 343/6/1033
f 347/1/1034 342/8/1035 55/7/1036 343/2/1033
f 57/5/919 38/5/919 56/1/315 58/1/315
f 341/11/1037 335/4/1038 336/1/1039 38/5/1040
f 52/12/860 53/11/1041 56/1/1042 55/2/861
f 343/12/1043 344/11/1044 345/4/1045
f 366/5/919 346/5/919 347/1/315 367/1/315
f 346/5/1031 341/11/1046 342/4/1035 347/1/1034
f 344/11/1047 337/4/1029 340/1/1032 346/5/1031
f 347/1/1048 343/7/1049 345/8/1050
f 149/1/1015 331/5/1014 329/11/1030 146/4/1051
f 333/3/1052 330/2/1013 332/1/1017 335/4/1053
f 334/11/1054 331/5/1014 330/6/1013 333/12/1052
f 335/4/1053 332/1/1017 331/5/1014 334/11/1054
f 55/7/1055 338/2/1056 340/1/1057 342/8/1058
f 338/6/1022 333/12/1021 334/11/1028 339/5/1027
f 342/4/1058 340/1/1057 339/5/1059 341/11/1060
f 341/11/1060 339/5/1059 338/6/1056 55/12/1055
f 38/5/1040 336/5/1039 149/1/1061 147/2/1026 55/6/1025
f 145/15/1062 343/6/1033 338/6/1018 330/6/1013 147/2/1012
f 343/6/1033 55/12/1036 341/11/1046 346/5/1031
f 24/5/848 23/6/832 64/2/835 66/1/895 298/1/849
f 355/1/1063 148/5/1064 149/1/1065
f 146/10/1066 145/9/1067 147/6/1066 148/5/1068
f 149/1/1061 336/5/1039 334/11/1069 146/4/1070
f 146/4/1070 334/11/1069 333/12/1024 145/3/1023
f 193/4/1071 192/3/1072 356/12/1073 357/11/1074 348/11/1075
f 55/12/1025 333/3/1024 335/4/1038 341/11/1037
f 348/11/104 329/11/104 331/5/909 350/5/909
f 194/2/1076 196/1/1077 350/5/1078 349/6/1079
f 359/5/1080 358/6/1081 349/2/1079 351/1/1082
f 360/1/1083 358/2/1084 352/3/1085 354/4/1086
f 353/11/819 334/11/819 336/5/356 355/5/356
f 192/15/1087 194/2/1088 59/14/1089 352/14/1090
f 357/11/104 337/11/104 339/5/909 359/5/909
f 359/5/1091 360/1/1083 354/4/1086 353/11/1092
f 357/11/1074 359/5/1080 351/1/1082 348/4/1075
f 366/5/1093 363/6/1094 358/2/1081 360/1/1095
f 367/1/1096 363/2/1094 59/7/1097 362/8/1098
f 361/11/846 341/11/846 38/5/919 57/5/919
f 487/5/1099 490/6/1100 23/6/1101 24/5/1102
f 361/11/1103 57/5/1104 355/1/1105 354/4/1106
f 49/12/1107 51/11/1108 59/2/1109 58/1/1110
f 363/3/1111 365/4/1112 364/11/1113
f 364/11/846 344/11/846 346/5/919 366/5/919
f 366/5/1093 367/1/1096 362/4/1098 361/11/1114
f 364/11/1115 366/5/1093 360/1/1095 357/4/1074
f 367/1/1116 365/8/1117 363/2/1118
f 196/1/1077 193/4/1071 348/11/1075 350/5/1078
f 352/3/1119 354/4/1120 351/1/1082 349/2/1079
f 353/11/1121 352/12/1119 349/6/1079 350/5/1078
f 354/4/1120 353/11/1121 350/5/1078 351/1/1082
f 59/7/1122 362/8/1123 360/1/1124 358/2/1125
f 358/6/1084 359/5/1091 353/11/1092 352/12/1085
f 362/4/1123 361/11/1126 359/5/1127 360/1/1124
f 361/11/1126 59/12/1122 358/6/1125 359/5/1127
f 192/15/1072 194/2/1076 349/2/1079 358/6/1081 356/14/1073
f 57/5/1104 59/6/1089 194/2/1088 196/1/1128 355/1/1105
f 363/12/1094 364/11/1115 357/4/1074 356/3/1073
f 363/6/1094 366/5/1093 361/11/1114 59/12/1097
f 363/14/1094 356/15/1073 358/2/1081
f 195/5/1129 336/5/1130 196/1/1131
f 193/10/1132 195/5/1133 194/6/1134 192/9/1135
f 196/1/1128 193/4/1136 353/11/1137 355/5/1105
f 193/4/1136 192/3/1087 352/12/1090 353/11/1137
f 146/4/1051 329/4/1030 337/4/1029 344/11/1047 343/12/1033 145/3/1062
f 59/12/1089 361/11/1103 354/4/1106 352/3/1090
f 355/1/356 336/1/356 335/4/820 354/4/820
f 354/4/820 335/4/820 334/11/819 353/11/819
f 360/1/953 340/1/953 337/4/104 357/4/104
f 351/1/953 332/1/953 329/4/104 348/4/104
f 367/1/315 347/1/315 345/8/476 365/8/476
f 365/4/476 345/4/476 344/11/846 364/11/846
f 58/1/315 56/1/315 342/8/476 362/8/476
f 362/4/476 342/4/476 341/11/846 361/11/846
f 353/11/1138 146/10/1139 148/5/1064 355/5/1063
f 355/1/1063 149/1/1065 146/4/1139 354/4/1140
f 354/4/1140 146/11/1139 353/11/1138
f 355/1/1141 38/5/1142 56/1/1143
f 353/11/1144 341/11/1145 38/5/1142 355/5/1141
f 355/1/1141 56/1/1143 342/8/1146 354/4/1147
f 354/4/1147 342/4/1146 341/11/1145 353/11/1144
f 57/5/1148 336/5/1149 58/1/1150
f 361/11/1151 334/11/1152 336/5/1149 57/5/1148
f 58/1/1150 336/1/1149 335/4/1153 362/8/1154
f 362/4/1154 335/4/1153 334/11/1152 361/11/1151
f 193/10/1155 334/11/1156 336/5/1130 195/5/1129
f 196/1/1131 336/1/1130 335/4/1157 193/4/1155
f 193/4/1155 335/4/1157 334/11/1156
f 350/5/1158 148/5/1159 149/1/1160 351/1/1161
f 348/11/1162 146/10/1163 148/5/1159 350/5/1158
f 351/1/1161 149/1/1160 146/4/1163 348/4/1162
f 350/5/1164 339/5/1165 340/1/1166 351/1/1167
f 348/11/1168 337/11/1169 339/5/1165 350/5/1164
f 351/1/1167 340/1/1166 337/4/1169 348/4/1168
f 359/5/1170 331/5/1171 332/1/1172 360/1/1173
f 357/11/1174 329/11/1175 331/5/1171 359/5/1170
f 360/1/1173 332/1/1172 329/4/1175 357/4/1174
f 195/5/1176 331/5/1177 332/1/1178 196/1/1179
f 193/10/1180 329/11/1181 331/5/1177 195/5/1176
f 196/1/1179 332/1/1178 329/4/1181 193/4/1180
f 359/5/1182 346/5/1183 347/1/1184 360/1/1185
f 357/11/1186 344/11/1187 346/5/1183 359/5/1182
f 360/1/1185 347/1/1184 345/8/1188 357/4/1186
f 357/11/1186 345/4/1188 344/11/1187
f 366/5/1189 339/5/1190 340/1/1191 367/1/1192
f 364/11/1193 337/11/1194 339/5/1190 366/5/1189
f 367/1/1192 340/1/1191 337/4/1194 365/8/1195
f 365/4/1195 337/4/1194 364/11/1193
f 484/1/1196 482/2/1197 28/2/1198 27/1/924
f 482/6/1197 486/5/1199 26/5/1200 28/6/1198
f 486/5/1199 484/1/1196 27/1/924 26/5/1200
f 490/2/1100 489/1/1201 25/1/1202 23/2/1101
f 404/1/1203 402/2/1204 368/3/1205 370/4/1206
f 381/2/1207 385/1/1208 372/5/1209 371/6/1210
f 375/5/1211 374/6/1212 371/2/1213 372/1/1214
f 374/6/1215 375/15/1216 373/14/1217
f 373/11/1218 375/5/1211 372/1/1214 370/4/1206
f 51/1/1108 387/2/1219 377/7/1220 378/8/1221
f 409/14/1222 410/15/1223 380/2/1224 379/6/1225
f 385/1/1226 384/5/1227 379/6/1228 380/2/1229
f 365/8/1230 363/7/1231 378/5/1221 379/6/1228
f 394/5/1232 393/6/1233 380/2/1234 378/1/1235
f 389/1/1236 52/2/860 381/7/1237 383/8/1238
f 383/8/1238 385/1/1226 380/2/1229 377/7/1220
f 405/14/1239 406/15/1240 381/6/1241
f 343/7/1242 345/8/1243 384/5/1227 381/6/1237
f 381/2/1207 371/6/1210 368/14/1244
f 489/1/1201 487/5/1099 24/5/1102 25/1/1202
f 389/1/1236 388/5/859 386/6/1245 387/2/1219
f 386/6/1245 49/9/1107 58/1/1110 362/8/1246
f 399/5/1247 397/6/1248 387/2/1249 51/1/1250
f 483/4/1251 491/3/1252 50/3/1253 51/4/1254
f 54/8/1255 389/1/1236 387/2/1219 50/7/1256
f 388/5/859 389/1/1236 383/4/1238 382/11/1257
f 403/5/1258 402/6/1259 52/2/1260 389/1/1261
f 399/1/1262 398/2/1263 391/7/1264 392/8/1265
f 390/14/1266 393/6/1267 372/5/1214 369/11/1268
f 392/11/1269 394/5/1232 378/4/1235
f 393/2/1267 394/1/1270 375/5/1271 374/6/1272
f 404/1/1203 403/5/1273 397/6/1274 398/2/1263
f 396/11/1275 399/5/1247 51/4/1250
f 398/2/1263 399/1/1262 375/5/1276 374/6/1277
f 401/8/1278 404/1/1203 398/2/1263 395/7/1279
f 403/5/1273 404/1/1203 370/4/1206 369/11/1268
f 401/11/1280 403/5/1258 389/1/1261 54/8/1281
f 402/2/1204 404/1/1203 375/5/1282 374/6/1283
f 407/11/1284 405/12/1239 381/6/1241 384/5/1285
f 411/6/1286 410/2/1287 406/1/1288 408/5/1289
f 422/14/1290 423/15/1291 406/2/1288 405/6/1292
f 417/2/1293 421/1/1294 408/5/1289 405/6/1292
f 410/10/1223 409/9/1222 379/6/1225 378/5/1295
f 422/14/1296 423/15/1297 410/2/1298 411/6/1299
f 409/14/1300 411/6/1286 408/5/1289 407/10/1301
f 416/2/1302 414/1/1303 410/5/1304 411/6/1286
f 363/7/1305 365/8/1306 413/3/1307 414/4/1308
f 422/14/1309 423/15/1310 416/2/1302 415/6/1311
f 421/1/1294 420/5/1312 415/6/1311 416/2/1302
f 414/5/1303 415/6/1311 412/9/1313
f 413/15/1314 416/2/1302 411/6/1286 409/14/1300
f 345/8/1315 343/7/1316 417/3/1317 419/4/1318
f 419/8/1319 421/1/1294 416/2/1302 413/15/1314
f 422/14/1320 423/15/1321 417/6/1293
f 418/10/1322 420/5/1312 417/9/1293
f 424/10/1323 422/9/1296 411/6/1299 410/5/1298
f 387/2/1219 386/6/1245 376/14/1324 377/15/1220
f 386/6/1245 51/5/1108 378/10/1221 376/9/1324
f 388/5/859 53/10/1041 49/9/1107 386/6/1245
f 53/11/1041 54/4/1255 50/3/1256 49/12/1107
f 52/6/860 388/5/859 382/10/1257 381/9/1237
f 384/5/1227 382/10/1257 376/9/1324 379/6/1228
f 382/11/1257 383/4/1238 377/15/1220 376/14/1324
f 385/1/1208 383/8/1325 369/11/1326 372/5/1209
f 383/8/1325 381/7/1207 368/12/1244 369/11/1326
f 374/6/1212 373/14/1218 368/15/1205 371/2/1213
f 373/11/1218 370/4/1206 368/3/1205
f 393/6/1233 390/14/1327 377/7/1328 380/2/1234
f 390/12/1327 392/11/1269 378/8/1235 377/7/1328
f 397/6/1248 395/14/1329 50/7/1330 387/2/1249
f 395/12/1329 396/11/1275 51/4/1250 50/3/1330
f 402/6/1259 400/14/1331 52/2/1260
f 400/12/1331 401/11/1280 54/4/1281 52/3/1260
f 398/2/1263 397/6/1274 390/14/1266 391/15/1264
f 397/6/1274 399/5/1262 392/11/1265 390/12/1266
f 403/5/1273 401/11/1278 395/14/1279 397/6/1274
f 402/6/1204 403/5/1273 369/11/1268 368/12/1205
f 393/2/1267 391/7/1264 370/4/1206 372/1/1214
f 391/15/1264 390/14/1266 369/11/1268 370/4/1206
f 391/7/1264 393/2/1267 374/6/1272 373/14/1332
f 394/1/1270 392/4/1265 373/11/1332 375/5/1271
f 392/8/1265 391/7/1264 373/11/1332
f 400/15/1333 402/2/1204 374/6/1283 373/14/1334
f 404/1/1203 401/8/1278 373/11/1334 375/5/1282
f 401/4/1278 400/3/1333 373/11/1334
f 395/7/1279 398/2/1263 374/6/1277 373/14/1335
f 399/1/1262 396/4/1336 373/11/1335 375/5/1276
f 396/4/1336 395/3/1279 373/11/1335
f 410/8/1223 378/1/1295 380/2/1224
f 423/4/1297 424/11/1323 410/1/1298
f 414/4/1303 413/3/1314 409/9/1300 410/10/1304
f 420/5/1312 418/10/1322 412/9/1313 415/6/1311
f 418/11/1322 419/4/1319 413/3/1314 412/12/1313
f 410/15/1287 409/14/1300 407/11/1301 406/4/1288
f 421/1/1294 419/8/1319 407/10/1301 408/5/1289
f 419/4/1319 417/3/1293 405/12/1292 407/11/1301
f 406/8/1240 385/1/1337 381/2/1241
f 406/4/1240 407/11/1284 384/5/1285 385/1/1337
f 424/10/1338 422/9/1309 415/6/1311 414/5/1303
f 423/8/1310 414/1/1303 416/2/1302
f 423/4/1310 424/11/1338 414/1/1303
f 424/10/1339 422/9/1320 417/6/1293 420/5/1312
f 423/8/1321 421/1/1294 417/2/1293
f 423/4/1321 424/11/1339 420/5/1312 421/1/1294
f 424/10/1340 422/9/1290 405/6/1292 408/5/1289
f 423/4/1291 424/11/1340 408/5/1289 406/1/1288
f 344/8/1341 345/8/1315 419/4/1318 418/11/1342
f 367/8/1343 365/8/1230 379/6/1228 376/9/1324
f 343/14/1316 344/8/1341 418/10/1342 417/9/1317
f 365/8/1306 364/8/1344 412/12/1345 413/3/1307
f 364/8/1344 363/14/1305 414/10/1308 412/9/1345
f 345/8/1243 347/8/1346 382/10/1257 384/5/1227
f 347/8/1346 343/2/1242 381/9/1237 382/10/1257
f 17/9/923 443/6/930 323/8/931 27/1/924
f 363/2/1231 367/8/1343 376/9/1324 378/10/1221
f 343/7/1347 406/8/1348 345/8/1349
f 365/8/1350 410/8/1351 363/7/1352
f 412/12/1353 413/3/1354 380/2/1355 379/6/1356
f 343/14/1347 405/14/1357 406/15/1348
f 364/8/1358 409/14/1359 410/15/1351 365/8/1350
f 345/8/1349 406/4/1348 407/11/1360 344/8/1361
f 344/8/1361 407/11/1360 405/12/1357 343/14/1347
f 363/14/1352 410/10/1351 409/9/1359 364/8/1358
f 414/10/1362 412/9/1353 379/6/1356 378/5/1363
f 418/10/1364 417/9/1365 381/6/1366 384/5/1367
f 417/3/1365 419/4/1368 385/1/1369 381/2/1366
f 419/4/1368 418/11/1364 384/5/1367 385/1/1369
f 413/3/1354 414/4/1362 378/1/1363 380/2/1355
f 409/14/1370 410/15/1371 381/6/1372
f 405/14/1373 406/15/1374 380/2/1375 379/6/1376
f 410/10/1371 409/9/1370 381/6/1372 384/5/1377
f 407/11/1378 405/12/1373 379/6/1376 378/5/1379
f 406/8/1374 378/1/1379 380/2/1375
f 406/4/1374 407/11/1378 378/1/1379
f 410/8/1371 385/1/1380 381/2/1372
f 410/11/1371 384/5/1377 385/1/1380
f 363/7/1381 365/8/1382 417/3/1383 419/4/1384
f 345/8/1385 343/7/1386 413/3/1387 414/4/1388
f 363/15/1381 419/4/1384 418/11/1389
f 344/8/1390 345/8/1385 414/11/1388
f 343/14/1386 412/12/1391 413/3/1387
f 343/14/1386 344/8/1390 414/10/1388 412/9/1391
f 365/8/1382 364/8/1392 417/15/1383
f 364/8/1392 363/14/1381 418/10/1389 417/9/1383
f 403/5/1393 402/6/1394 381/2/1395 385/1/1396
f 399/5/1397 397/6/1398 380/2/1399 378/1/1400
f 394/5/1401 393/6/1402 387/2/1403 51/1/1404
f 52/2/1405 389/1/1406 372/5/1407 371/6/1408
f 401/11/1409 403/5/1393 385/1/1396 383/8/1410
f 52/2/1405 371/6/1408 368/14/1411
f 392/11/1412 394/5/1401 51/4/1404
f 396/11/1413 399/5/1397 378/4/1400
f 402/6/1394 400/14/1414 381/2/1395
f 400/12/1414 401/11/1409 383/8/1410 381/7/1395
f 389/1/1406 54/8/1415 369/11/1416 372/5/1407
f 54/4/1415 52/3/1405 368/12/1411 369/11/1416
f 393/6/1402 390/14/1417 50/7/1418 387/2/1403
f 390/12/1417 392/11/1412 51/4/1404 50/3/1418
f 397/6/1398 395/14/1419 377/7/1420 380/2/1399
f 395/12/1419 396/11/1413 378/8/1400 377/7/1420
f 380/2/1421 378/1/1422 372/5/1423 371/6/1424
f 394/5/1425 393/6/1426 381/2/1427 385/1/1428
f 399/5/1429 397/6/1430 52/2/1431 389/1/1432
f 403/5/1433 402/6/1434 387/2/1435 51/1/1436
f 377/7/1437 380/2/1421 371/6/1424 368/14/1438
f 392/11/1439 394/5/1425 385/1/1428 383/8/1440
f 401/11/1441 403/5/1433 51/4/1436
f 396/11/1442 399/5/1429 389/1/1432 54/8/1443
f 393/6/1426 390/14/1444 381/2/1427
f 390/12/1444 392/11/1439 383/8/1440 381/7/1427
f 378/4/1422 369/11/1445 372/5/1423
f 378/8/1422 377/7/1437 368/12/1438 369/11/1445
f 402/6/1434 400/14/1446 50/7/1447 387/2/1435
f 400/12/1446 401/11/1441 51/4/1436 50/3/1447
f 397/6/1430 395/14/1448 52/2/1431
f 395/12/1448 396/11/1442 54/4/1443 52/3/1431
f 461/1/1449 427/4/1450 425/3/1451 459/2/1452
f 438/2/1453 428/6/1454 429/5/1455 442/1/1456
f 432/5/1457 429/1/1458 428/2/1459 431/6/1460
f 431/6/1215 430/14/1461 432/15/175
f 430/11/1462 427/4/1450 429/1/1458 432/5/1457
f 19/1/1463 435/8/1464 434/7/1465 444/2/1466
f 466/14/1467 436/6/1468 437/2/1469 467/15/1470
f 442/1/1471 437/2/1472 436/6/1473 441/5/1474
f 326/8/1475 436/6/1473 435/5/1464 324/7/1476
f 451/5/1477 435/1/1478 437/2/1479 450/6/1480
f 446/1/1481 440/8/1482 438/7/1483 20/2/852
f 440/8/1482 434/7/1465 437/2/1472 442/1/1471
f 462/14/1484 438/6/1485 463/15/1486
f 305/7/1487 438/6/1483 441/5/1474 307/8/1488
f 438/15/1453 425/14/1489 428/6/1454
f 446/1/1481 444/2/1466 443/6/1490 445/5/1491
f 456/5/1492 19/1/1493 444/2/1494 454/6/1495
f 496/4/1496 497/3/1497 52/3/1498 54/4/1499
f 22/8/1500 18/7/1501 444/2/1466 446/1/1481
f 445/5/1491 439/11/1502 440/4/1482 446/1/1481
f 445/5/1491 21/10/851 25/1/854 304/8/1503
f 460/5/1504 446/1/1505 20/2/1506 459/6/1507
f 456/1/1508 449/8/1509 448/7/1510 455/2/1511
f 447/14/1512 426/11/1513 429/5/1458 450/6/1514
f 449/11/1515 435/1/1478 451/5/1477
f 450/2/1514 431/6/1516 432/5/1517 451/1/1518
f 461/1/1449 455/2/1511 454/6/1519 460/5/1520
f 453/11/1521 19/1/1493 456/5/1492
f 455/2/1511 431/6/1522 432/5/1523 456/1/1508
f 458/8/1524 452/7/1525 455/2/1511 461/1/1449
f 460/5/1520 426/11/1513 427/4/1450 461/1/1449
f 458/11/1526 22/8/1527 446/1/1505 460/5/1504
f 459/2/1452 431/6/1528 432/5/1529 461/1/1449
f 464/11/1530 441/5/1531 438/6/1485 462/12/1484
f 468/6/1532 465/5/1533 463/1/1534 467/2/1535
f 479/14/1536 462/6/1537 463/2/1534 480/15/1538
f 474/2/1539 462/6/1537 465/5/1533 478/1/1540
f 467/10/1470 435/5/1541 436/6/1468 466/9/1467
f 479/14/1542 468/6/1543 467/2/1544 480/15/1545
f 466/14/1546 464/10/1547 465/5/1533 468/6/1532
f 473/2/1548 468/6/1532 467/5/1549 471/1/1550
f 324/7/1551 471/4/1552 470/3/1553 326/8/1554
f 479/14/1555 472/6/1556 473/2/1548 480/15/1557
f 478/1/1540 473/2/1548 472/6/1556 477/5/1558
f 471/5/1550 469/9/1559 472/6/1556
f 470/15/1560 466/14/1546 468/6/1532 473/2/1548
f 307/8/1561 476/4/1562 474/3/1563 305/7/1564
f 476/8/1565 470/15/1560 473/2/1548 478/1/1540
f 479/14/1566 474/6/1539 480/15/1567
f 475/10/1568 474/9/1539 477/5/1558
f 481/10/1569 467/5/1544 468/6/1543 479/9/1542
f 444/2/1466 434/15/1465 433/14/1570 443/6/1490
f 443/6/1490 433/9/1570 435/10/1464 19/5/1463
f 445/5/1491 443/6/1490 17/9/1571 21/10/851
f 21/11/851 17/12/1571 18/3/1501 22/4/1500
f 20/6/852 438/9/1483 439/10/1502 445/5/1491
f 441/5/1474 436/6/1473 433/9/1570 439/10/1502
f 439/11/1502 433/14/1570 434/15/1465 440/4/1482
f 442/1/1456 429/5/1455 426/11/1572 440/8/1573
f 440/8/1573 426/11/1572 425/12/1489 438/7/1453
f 431/6/1460 428/2/1459 425/15/1451 430/14/1462
f 430/11/1462 425/3/1451 427/4/1450
f 450/6/1480 437/2/1479 434/7/1574 447/14/1575
f 447/12/1575 434/7/1574 435/8/1478 449/11/1515
f 454/6/1495 444/2/1494 18/7/1576 452/14/1577
f 452/12/1577 18/3/1576 19/4/1493 453/11/1521
f 459/6/1507 20/15/1506 457/14/1578
f 457/12/1578 20/3/1506 22/4/1527 458/11/1526
f 455/2/1511 448/15/1510 447/14/1512 454/6/1519
f 454/6/1519 447/12/1512 449/11/1509 456/5/1508
f 460/5/1520 454/6/1519 452/14/1525 458/11/1524
f 459/6/1452 425/12/1451 426/11/1513 460/5/1520
f 450/2/1514 429/1/1458 427/4/1450 448/7/1510
f 448/15/1510 427/4/1450 426/11/1513 447/14/1512
f 448/7/1510 430/14/1579 431/6/1516 450/2/1514
f 451/1/1518 432/5/1517 430/11/1579 449/4/1509
f 449/8/1509 430/11/1579 448/7/1510
f 457/15/1580 430/14/1581 431/6/1528 459/2/1452
f 461/1/1449 432/5/1529 430/11/1581 458/8/1524
f 458/4/1524 430/11/1581 457/3/1580
f 452/7/1525 430/14/1582 431/6/1522 455/2/1511
f 456/1/1508 432/5/1523 430/11/1582 453/4/1583
f 453/4/1583 430/11/1582 452/3/1525
f 467/8/1470 437/2/1469 435/1/1541
f 480/4/1545 467/1/1544 481/11/1569
f 471/4/1550 467/10/1549 466/9/1546 470/3/1560
f 477/5/1558 472/6/1556 469/9/1559 475/10/1568
f 475/11/1568 469/12/1559 470/3/1560 476/4/1565
f 467/15/1535 463/4/1534 464/11/1547 466/14/1546
f 478/1/1540 465/5/1533 464/10/1547 476/8/1565
f 476/4/1565 464/11/1547 462/12/1537 474/3/1539
f 463/8/1486 438/2/1485 442/1/1584
f 463/4/1486 442/1/1584 441/5/1531 464/11/1530
f 481/10/1585 471/5/1550 472/6/1556 479/9/1555
f 480/8/1557 473/2/1548 471/1/1550
f 480/4/1557 471/1/1550 481/11/1585
f 481/10/1586 477/5/1558 474/6/1539 479/9/1566
f 480/8/1567 474/2/1539 478/1/1540
f 480/4/1567 478/1/1540 477/5/1558 481/11/1586
f 481/10/1587 465/5/1533 462/6/1537 479/9/1536
f 480/4/1538 463/1/1534 465/5/1533 481/11/1587
f 306/8/1588 475/11/1589 476/4/1562 307/8/1561
f 20/6/852 445/5/1491 304/8/1503 23/7/853
f 328/8/1590 433/9/1570 436/6/1473 326/8/1475
f 53/10/1041 388/5/859 342/8/862 56/1/1042
f 305/14/1564 474/9/1563 475/10/1589 306/8/1588
f 326/8/1554 470/3/1553 469/12/1591 325/8/1592
f 325/8/1592 469/9/1591 471/10/1552 324/14/1551
f 307/8/1488 441/5/1474 439/10/1502 309/8/1593
f 309/8/1593 439/10/1502 438/9/1483 305/2/1487
f 324/2/1476 435/10/1464 433/9/1570 328/8/1590
f 305/7/1594 307/8/1595 463/8/1596
f 326/8/1597 324/7/1598 467/8/1599
f 469/12/1600 436/6/1601 437/2/1602 470/3/1603
f 305/15/1594 463/15/1596 462/14/1604
f 325/8/1605 326/8/1597 467/15/1599 466/14/1606
f 307/8/1595 306/8/1607 464/11/1608 463/4/1596
f 306/8/1607 305/14/1594 462/12/1604 464/11/1608
f 51/5/1108 386/6/1245 362/8/1246 59/7/1109
f 324/14/1598 325/8/1605 466/9/1606 467/10/1599
f 471/10/1609 435/5/1610 436/6/1601 469/9/1600
f 475/10/1611 441/5/1612 438/6/1613 474/9/1614
f 474/3/1614 438/2/1613 442/1/1615 476/4/1616
f 476/4/1616 442/1/1615 441/5/1612 475/11/1611
f 470/3/1603 437/2/1602 435/1/1610 471/4/1609
f 466/14/1617 438/6/1618 467/15/1619
f 462/14/1620 436/6/1621 437/2/1622 463/15/1623
f 467/10/1619 441/5/1624 438/6/1618 466/9/1617
f 464/11/1625 435/5/1626 436/6/1621 462/12/1620
f 463/8/1623 437/2/1622 435/1/1626
f 463/4/1623 435/1/1626 464/11/1625
f 467/8/1619 438/2/1618 442/1/1627
f 467/11/1619 442/1/1627 441/5/1624
f 324/7/1628 476/4/1629 474/3/1630 326/8/1631
f 307/8/1632 471/4/1633 470/3/1634 305/7/1635
f 324/14/1628 475/11/1636 476/4/1629
f 306/8/1637 471/11/1633 307/8/1632
f 305/15/1635 470/3/1634 469/12/1638
f 305/14/1635 469/9/1638 471/10/1633 306/8/1637
f 326/8/1631 474/15/1630 325/8/1639
f 325/8/1639 474/9/1630 475/10/1636 324/14/1628
f 460/5/1640 442/1/1641 438/2/1642 459/6/1643
f 456/5/1644 435/1/1645 437/2/1646 454/6/1647
f 451/5/1648 19/1/1649 444/2/1650 450/6/1651
f 20/2/1652 428/6/1653 429/5/1654 446/1/1655
f 458/11/1656 440/8/1657 442/1/1641 460/5/1640
f 20/15/1652 425/14/1658 428/6/1653
f 449/11/1659 19/1/1649 451/5/1648
f 453/11/1660 435/1/1645 456/5/1644
f 459/6/1643 438/15/1642 457/14/1661
f 457/12/1661 438/7/1642 440/8/1657 458/11/1656
f 446/1/1655 429/5/1654 426/11/1662 22/8/1663
f 22/4/1663 426/11/1662 425/12/1658 20/3/1652
f 450/6/1651 444/2/1650 18/7/1664 447/14/1665
f 447/12/1665 18/3/1664 19/4/1649 449/11/1659
f 454/6/1647 437/2/1646 434/7/1666 452/14/1667
f 452/12/1667 434/7/1666 435/8/1645 453/11/1660
f 437/2/1668 428/6/1669 429/5/1670 435/1/1671
f 451/5/1672 442/1/1673 438/2/1674 450/6/1675
f 456/5/1676 446/1/1677 20/2/1678 454/6/1679
f 460/5/1680 19/1/1681 444/2/1682 459/6/1683
f 434/7/1684 425/14/1685 428/6/1669 437/2/1668
f 449/11/1686 440/8/1687 442/1/1673 451/5/1672
f 458/11/1688 19/1/1681 460/5/1680
f 453/11/1689 22/8/1690 446/1/1677 456/5/1676
f 450/6/1675 438/15/1674 447/14/1691
f 447/12/1691 438/7/1674 440/8/1687 449/11/1686
f 435/1/1671 429/5/1670 426/11/1692
f 435/8/1671 426/11/1692 425/12/1685 434/7/1684
f 459/6/1683 444/2/1682 18/7/1693 457/14/1694
f 457/12/1694 18/3/1693 19/4/1681 458/11/1688
f 454/6/1679 20/15/1678 452/14/1695
f 452/12/1695 20/3/1678 22/4/1690 453/11/1689
f 494/11/1696 496/4/1496 54/4/1499 53/11/1697
f 491/3/1252 493/12/1698 49/12/1699 50/3/1253
f 493/12/1698 483/11/1251 51/11/1254 49/12/1699
f 497/12/1497 494/11/1696 53/11/1697 52/12/1498
f 20/12/1700 21/11/1701 495/11/1702 497/12/1703
f 17/12/1704 19/11/1705 483/11/1706 492/12/1707
f 493/12/1708 492/12/1709 484/1/1710 485/1/1711
f 18/3/1712 17/12/1704 492/12/1707 491/3/1713
f 494/11/1714 495/11/1715 492/12/1709 493/12/1708
f 21/11/1701 22/4/1716 496/4/1717 495/11/1702
f 496/4/1718 494/11/1714 493/12/1708 491/3/1719
f 22/4/1716 20/3/1700 497/3/1703 496/4/1717
f 19/4/1705 18/3/1712 491/3/1713 483/4/1706
f 56/1/1720 38/5/1721 487/5/1722 488/1/1723
f 55/2/1724 56/1/1720 488/1/1723 490/2/1725
f 494/11/1714 497/12/1726 490/2/1727 488/1/1728
f 57/5/1729 58/1/1730 485/1/1731 486/5/1732
f 488/1/1733 487/5/1734 486/5/1735 485/1/1736
f 59/6/1737 57/5/1729 486/5/1732 482/6/1738
f 58/1/1730 59/2/1737 482/2/1738 485/1/1731
f 483/11/1739 493/12/1708 485/1/1711 482/2/1740
f 38/5/1721 55/6/1724 490/6/1725 487/5/1722
f 495/11/1715 496/4/1718 491/3/1719 492/12/1709
f 497/12/1726 495/11/1715 489/1/1741 490/2/1727
f 495/11/1715 494/11/1714 488/1/1728 489/1/1741
f 487/5/1734 489/1/1742 484/1/1743 486/5/1735
f 489/1/1742 488/1/1733 485/1/1736 484/1/1743
f 492/12/1709 483/11/1739 482/2/1740 484/1/1710
f 482/2/1744 485/1/81 44/7/84 45/8/1745
f 486/5/82 482/6/1744 45/5/1745 46/6/83
f 486/5/1746 484/1/31 10/2/34 12/6/1747
f 482/6/32 486/5/1746 12/6/1747 11/5/33
f 492/12/1748 491/3/5 4/2/7 1/6/49
f 483/11/6 492/12/1748 1/9/49 3/10/4
f 491/3/1749 493/12/56 29/6/58 40/2/61
f 483/4/57 491/3/1749 40/2/61 39/1/53
f 496/4/1750 495/11/42 14/5/44 16/1/25
f 497/3/43 496/4/1750 16/1/25 13/2/24
f 497/12/1751 494/11/91 34/10/93 47/9/74
f 496/4/92 497/3/1751 47/2/74 48/1/76
f 488/1/1752 490/2/70 41/7/73 42/8/1753
f 487/13/1754 490/13/20 5/6/23 8/5/1755
f 487/5/71 488/1/1752 42/1/1753 43/5/72
f 489/1/21 487/5/1754 8/5/1755 7/1/22
f 20/6/1756 21/5/1757 9/12/1758 10/3/1759
f 22/1/1760 20/2/1756 10/7/1759 11/8/1761
f 21/5/1757 22/1/1760 11/11/1761 9/12/1758
f 44/3/1762 32/12/1763 53/5/1764 52/6/1765
f 7/4/1766 6/11/1767 18/2/1768
f 6/11/1767 17/9/1769 443/6/1770
f 7/8/1766 17/6/1769 5/7/1771
f 6/11/1767 443/6/1770 19/5/1772
f 6/11/1767 5/12/1771 17/9/1769
f 7/8/1766 18/2/1768 17/6/1769
f 6/11/1767 19/1/1772 18/2/1768
f 45/8/1773 44/7/1762 52/2/1765 54/1/1774
f 32/12/1763 45/11/1773 54/1/1774 53/5/1764
f 41/12/1775 31/11/1776 49/6/1777 50/2/1778
f 42/8/1779 41/7/1775 50/2/1778 51/1/1780
f 31/11/1776 42/4/1779 51/5/1780 49/6/1777
f 491/3/1781 493/12/1782 43/5/1783 41/6/1784
f 483/4/1785 491/3/1781 41/7/1784 42/8/1786
f 493/12/1782 483/11/1785 42/1/1786 43/5/1783
f 497/12/1787 494/11/1788 46/6/1789 44/2/1790
f 496/4/1791 497/3/1787 44/7/1790 45/8/1792
f 494/11/1788 496/4/1791 45/5/1792 46/6/1789
f 497/3/1793 496/4/1794 11/8/1795 10/7/1796
f 495/11/1797 497/12/1793 10/2/1796 12/6/1798
f 496/4/1794 495/11/1797 12/6/1798 11/5/1795
f 491/3/1799 483/4/1800 7/8/1801 5/7/1802
f 492/12/1803 491/3/1799 5/6/1802 8/5/1804
f 483/11/1800 492/12/1803 8/5/1804 7/1/1801
f 498/16/166 499/17/1805 501/18/1806 500/19/265
f 500/20/265 501/21/1806 505/22/1807 504/16/519
f 504/23/519 505/24/1807 503/25/1808 502/26/417
f 502/27/417 503/28/1808 499/29/1805 498/30/166
f 505/31/1807 501/32/1806 499/33/1805 503/34/1808
f 506/35/166 507/36/1805 509/24/1806 508/23/265
f 508/37/265 509/38/1806 513/39/1807 512/40/519
f 512/36/519 513/41/1807 511/42/1808 510/24/417
f 510/43/417 511/44/1808 507/45/1805 506/46/166
f 513/47/1807 509/48/1806 507/49/1805 511/50/1808
f 514/51/166 515/52/1805 517/53/1806 516/54/265
f 516/55/265 517/56/1806 521/57/1807 520/35/519
f 520/58/519 521/16/1807 519/59/1808 518/51/417
f 518/60/417 519/61/1808 515/56/1805 514/55/166
f 521/62/1807 517/63/1806 515/32/1805 519/31/1808
f 522/64/166 523/30/1805 525/65/1806 524/66/265
f 524/67/265 525/68/1806 529/61/1807 528/60/519
f 528/59/519 529/18/1807 527/69/1808 526/53/417
f 526/40/417 527/39/1808 523/70/1805 522/71/166
f 529/50/1807 525/49/1806 523/63/1805 527/62/1808
f 530/72/1809 531/73/1810 532/74/1811
f 532/74/1811 533/75/1812 534/76/1813
f 534/76/1813 533/75/1812 535/77/1814
f 535/77/1814 531/73/1810 530/72/1809
f 536/74/1815 537/78/1816 538/76/1817
f 539/72/1818 540/78/1819 536/74/1815
f 541/77/1820 537/78/1816 539/72/1818
f 538/76/1817 542/79/1821 541/77/1820
f 531/73/1810 535/77/1814 543/80/1822
f 531/73/1810 544/81/1823 545/82/1824
f 543/80/1822 535/77/1814 533/75/1812
f 543/80/1822 546/83/1825 531/73/1810
f 533/75/1812 532/74/1811 545/82/1824
f 533/75/1812 546/83/1825 543/80/1822
f 545/82/1824 532/74/1811 531/73/1810
f 545/82/1824 544/81/1823 533/75/1812
f 547/84/1826 531/73/1810 546/83/1825
f 547/84/1826 544/81/1823 531/73/1810
f 546/83/1825 533/75/1812 548/85/1827
f 546/83/1825 544/81/1823 547/84/1826
f 548/85/1827 533/75/1812 544/81/1823
f 548/85/1827 544/81/1823 546/83/1825
f 549/86/1828 541/77/1820 550/86/1829
f 549/79/1828 538/76/1817 537/78/1816
f 550/86/1829 541/77/1820 542/79/1821
f 550/86/1829 542/79/1821 549/86/1828
f 542/79/1821 538/76/1817 549/79/1828
f 537/78/1816 536/74/1815 551/87/1830
f 537/78/1816 541/77/1820 549/86/1828
f 551/87/1830 536/74/1815 540/78/1819
f 551/87/1830 540/78/1819 537/87/1816
f 540/78/1819 539/72/1818 537/78/1816
f 552/88/166 553/89/417 554/90/417
f 552/88/166 555/91/265 556/91/166
f 557/90/519 553/89/417 558/89/519
f 557/90/519 555/91/265 559/88/265
f 559/88/265 555/91/265 552/88/166
f 556/91/166 553/89/417 552/88/166
f 553/89/417 557/90/519 554/90/417
f 558/89/519 555/91/265 557/90/519
f 560/88/166 561/89/417 562/90/417
f 560/88/166 563/91/265 564/91/166
f 565/90/519 561/89/417 566/89/519
f 565/90/519 563/91/265 567/88/265
f 567/88/265 563/91/265 560/88/166
f 564/91/166 561/89/417 560/88/166
f 561/89/417 565/90/519 562/90/417
f 566/89/519 563/91/265 565/90/519
f 530/88/417 536/91/417 535/88/519
f 532/90/166 536/91/417 530/88/417
f 532/90/166 541/89/265 539/89/166
f 534/90/265 541/89/265 532/90/166
f 535/88/519 536/91/417 538/91/519
f 535/88/519 541/89/265 534/90/265
f 539/89/166 536/91/417 532/90/166
f 538/91/519 541/89/265 535/88/519
f 552/72/1811 568/80/1812 559/77/1813
f 552/72/1811 569/82/1831 570/73/1824
f 554/74/1809 569/82/1831 552/72/1811
f 557/76/1814 569/82/1831 554/74/1809
f 559/77/1813 568/80/1812 557/76/1814
f 556/74/1818 571/87/1819 553/72/1815
f 553/72/1815 572/78/1816 558/77/1817
f 558/77/1817 573/86/1821 555/76/1832
f 555/76/1832 572/87/1816 556/74/1818
f 570/73/1824 574/84/1823 568/80/1812
f 568/80/1812 552/72/1811 570/73/1824
f 568/80/1812 575/85/1825 576/75/1833
f 576/75/1833 557/76/1814 568/80/1812
f 576/75/1833 575/85/1825 569/82/1831
f 569/82/1831 557/76/1814 576/75/1833
f 569/82/1831 574/84/1823 570/73/1824
f 574/84/1823 569/82/1831 577/81/1826
f 574/84/1823 575/85/1825 578/83/1827
f 578/83/1827 568/80/1812 574/84/1823
f 575/85/1825 568/80/1812 578/83/1827
f 575/85/1825 574/84/1823 577/81/1826
f 577/81/1826 569/82/1831 575/85/1825
f 579/86/1834 558/77/1817 572/78/1816
f 579/86/1834 555/76/1832 580/79/1829
f 579/79/1834 580/79/1829 573/86/1821
f 573/86/1821 558/77/1817 579/86/1834
f 580/79/1829 555/76/1832 573/86/1821
f 572/78/1816 553/72/1815 581/78/1830
f 572/87/1816 555/76/1832 579/86/1834
f 572/78/1816 581/78/1830 571/87/1819
f 571/87/1819 556/74/1818 572/87/1816
f 581/78/1830 553/72/1815 571/87/1819
f 560/72/1811 582/80/1812 567/77/1813
f 560/72/1811 583/82/1831 584/73/1824
f 562/74/1809 583/82/1831 560/72/1811
f 565/76/1814 583/82/1831 562/74/1809
f 567/77/1813 582/80/1812 565/76/1814
f 564/74/1818 585/87/1819 561/72/1835
f 561/72/1835 586/78/1816 566/77/1817
f 566/77/1817 587/86/1821 563/76/1836
f 563/76/1836 586/87/1816 564/74/1818
f 584/73/1824 588/84/1823 582/80/1812
f 582/80/1812 560/72/1811 584/73/1824
f 582/80/1812 589/85/1825 590/75/1822
f 590/75/1822 565/76/1814 582/80/1812
f 590/75/1822 589/85/1825 583/82/1831
f 583/82/1831 565/76/1814 590/75/1822
f 583/82/1831 588/84/1823 584/73/1824
f 588/84/1823 583/82/1831 591/81/1826
f 588/84/1823 589/85/1825 592/83/1827
f 592/83/1827 582/80/1812 588/84/1823
f 589/85/1825 582/80/1812 592/83/1827
f 589/85/1825 588/84/1823 591/81/1826
f 591/81/1826 583/82/1831 589/85/1825
f 593/86/1828 566/77/1817 586/78/1816
f 593/86/1828 563/76/1836 594/79/1829
f 593/79/1828 594/79/1829 587/86/1821
f 587/86/1821 566/77/1817 593/86/1828
f 594/79/1829 563/76/1836 587/86/1821
f 586/78/1816 561/72/1835 595/78/1830
f 586/87/1816 563/76/1836 593/86/1828
f 586/78/1816 595/78/1830 585/87/1819
f 585/87/1819 564/74/1818 586/87/1816
f 595/78/1830 561/72/1835 585/87/1819
f 29/12/1837 30/3/1838 488/1/1839 487/5/1840
f 488/1/1841 487/5/1842 1/6/1843 4/2/1844
f 489/1/1845 488/1/1841 4/2/1844 2/7/1846
f 487/5/1842 489/1/1845 2/3/1846 1/12/1843
f 40/2/1847 29/6/1837 487/5/1840 489/1/1848
f 30/7/1838 40/2/1847 489/1/1848 488/1/1839
f 29/12/1849 30/3/1850 56/1/1851 38/5/1852
f 40/2/1853 29/6/1849 38/5/1852 55/6/1854
f 30/7/1850 40/2/1853 55/2/1854 56/1/1851
f 59/5/1855 57/6/1856 34/5/1857 48/1/1858
f 58/2/1859 59/1/1855 48/1/1858 35/4/1860
f 57/6/1856 58/2/1859 35/4/1860 34/11/1857
f 484/1/1861 486/5/1862 34/5/1863 48/1/1864
f 485/1/1865 484/1/1861 48/1/1864 35/4/1866
f 486/5/1862 485/1/1865 35/4/1866 34/11/1863
f 485/1/1867 484/1/1868 15/4/1869 16/1/1870
f 486/5/1871 485/1/1867 16/1/1870 14/5/1872
f 484/1/1868 486/5/1871 14/11/1872 15/4/1869
f 28/1/1873 27/2/1874 15/4/1875 16/1/1876
f 26/6/1877 28/5/1873 16/1/1876 14/5/1878
f 27/2/1874 26/6/1877 14/11/1878 15/4/1875
f 4/92/273 1/92/273 2/92/273
f 23/92/1879 25/92/1879 24/92/1879
f 24/5/1880 23/6/1880 25/1/1880 4/2/1880 2/7/1880 1/12/1880
f 212/5/551 211/6/483 236/2/488 238/1/546
l 33 32
l 30 33
l 34 37
l 14 61
l 1 60
l 29 36
